,Unnamed: 0,Player,Market value,Nation,Pos,Club_x,Leauge,Age,MP,Starts,Min,Gls,Ast,PK_x,PKatt_x,CrdY,CrdR,Gls90,Ast90,G+A,Gls+Ast,PK,PKatt,Sh,SoT,FK,SoT%,Sh/90,SoT/90,G/Sh,G/SoT,Tackle,TackleW,TakleD,Tkl%,Press,Succ_x,%,Blocks,ShotB,PassB,Int,Clr,Passes Completed,Passes Attempted,Cmp%,Touches,Succ_y,Att,Succ%,#Pl
0,0,Kylian Mbappé,€180.00m,FRA,FW,Paris S-G,Ligue1,20,49,41,3856,51,12,1,2,5,1,1,19,0,28,1,47,63,0,0,209,114,0,54,55,4,88,2,66,0,24,0,45,11,6,2,11,1,418,98,23,44,14,6,8,7,3,1152,1494,77,11,2120,132,247,53,44,152
1,1,Raheem Sterling,€128.00m,ENG,FW,Manchester City,Premier Leauge,24,60,56,4968,29,10,0,1,8,0,0,53,0,18,0,71,39,0,1,153,62,1,40,52,2,77,1,12,0,19,0,47,62,41,18,31,849,249,29,33,58,4,54,27,13,1963,2414,81,32,3209,139,258,53,88,151
2,2,Neymar,€128.00m,BRA,MF,FW,Paris S-G,Ligue1,27,32,31,2757,28,13,9,10,6,1,0,91,0,42,1,33,41,4,5,115,52,10,45,22,3,75,1,7,0,24,0,54,31,17,9,18,5,381,103,27,03,24,0,24,10,2,1588,2016,78,77,2696,164,292,56,16,184
3,3,Sadio Mané,€120.00m,SEN,FW,Liverpool,Premier Leauge,27,64,61,5327,37,8,0,0,4,0,0,63,0,14,0,77,45,0,0,150,72,0,48,2,53,1,22,0,25,0,51,90,61,22,34,9,1151,342,29,71,64,8,56,28,11,1728,2214,78,05,3050,128,212,60,38,142
4,4,Mohamed Salah,€120.00m,EGY,FW,Liverpool,Premier Leauge,27,65,64,5579,39,15,6,6,2,0,0,63,0,24,0,87,54,3,3,240,103,3,42,92,3,87,1,66,0,16,0,38,34,25,7,15,4,1103,320,29,01,31,5,26,12,5,1516,2029,74,72,2893,137,229,59,83,148
5,5,Harry Kane,€120.00m,ENG,FW,Tottenham,Premier Leauge,26,50,49,4382,29,6,6,6,8,0,0,6,0,12,0,72,35,2,2,160,67,5,41,88,3,29,1,38,0,18,0,43,25,16,5,21,4,743,179,24,09,38,14,24,5,34,744,1060,70,19,1684,67,121,55,37,74
6,6,Kevin De Bruyne,€120.00m,BEL,MF,Manchester City,Premier Leauge,28,48,38,3311,12,19,1,1,5,0,0,33,0,52,0,85,31,2,2,116,35,8,30,17,3,15,0,95,0,1,0,34,55,37,15,18,5,770,216,28,05,39,3,36,20,21,2084,2772,75,18,3201,74,112,66,07,79
7,7,Jadon Sancho,€117.00m,ENG,MF,FW,Dortmund,Bundesliga,19,66,51,4748,29,30,0,0,4,0,0,55,0,57,1,12,59,0,0,91,48,1,52,75,1,72,0,91,0,32,0,6,33,29,11,30,4,959,266,27,74,50,1,49,30,9,2509,3053,82,18,3729,214,364,58,79,232
8,8,Lionel Messi,€112.00m,ARG,FW,Barcelona,La Liga,32,62,56,5143,58,30,9,10,7,0,1,01,0,52,1,53,88,5,5,297,140,32,47,14,5,2,2,45,0,2,0,41,27,21,3,0,571,165,28,9,20,0,20,9,1,2907,3678,79,04,4547,300,470,63,83,315
9,9,Trent Alexander-Arnold,€99.00m,ENG,DF,Liverpool,Premier Leauge,20,60,57,5174,4,24,0,0,7,0,0,07,0,42,0,49,28,0,0,69,19,11,27,54,1,2,0,33,0,06,0,21,109,50,57,39,5,746,240,32,17,85,12,73,76,152,3687,5072,72,69,5698,45,92,48,91,52
10,10,Antoine Griezmann,€96.00m,FRA,FW,Barcelona,La Liga,28,69,65,5561,23,12,3,3,7,0,0,37,0,19,0,56,35,0,0,161,67,0,41,61,2,61,1,08,0,14,0,34,73,41,18,29,6,1160,284,24,48,48,5,43,23,39,1976,2554,77,37,3157,50,92,54,35,54
11,11,João Félix,€81.00m,POR,MF,FW,Atlético Madrid,La Liga,19,25,20,1657,6,1,0,0,6,0,0,33,0,05,0,38,7,0,0,61,18,2,29,51,3,31,0,98,0,1,0,33,9,4,0,0,207,47,22,71,11,1,10,11,9,401,519,77,26,759,21,59,35,59,25
12,12,Kai Havertz,€81.00m,GER,MF,FW,Leverkusen,Bundesliga,20,64,62,5348,29,9,4,4,5,0,0,49,0,15,0,64,38,1,1,143,64,0,44,76,2,41,1,08,0,2,0,45,57,44,19,19,5,814,254,31,2,66,8,58,19,49,2784,3230,86,19,4083,126,221,57,01,133
13,13,Bernardo Silva,€80.00m,POR,MF,FW,Manchester City,Premier Leauge,24,63,50,4521,12,14,0,0,8,0,0,24,0,28,0,52,26,0,0,104,35,0,33,65,2,07,0,7,0,12,0,34,90,68,22,26,2,1229,332,27,01,87,4,83,48,28,2596,3049,85,14,3603,91,140,65,97
14,14,N'Golo Kanté,€80.00m,FRA,MF,Chelsea,Premier Leauge,28,57,55,4747,7,4,0,0,7,0,0,13,0,08,0,21,11,0,0,46,12,0,26,09,0,87,0,23,0,15,0,58,137,104,32,36,4,1336,427,31,96,115,11,104,91,61,2778,3195,86,95,3842,60,103,58,25,66
15,15,Leroy Sané,€80.00m,,,,,,,,,,,,,,,,,,,,,,,,,,,,,,,,,,,,,,,,,,,,,,,,
16,16,Virgil van Dijk,€80.00m,NED,DF,Liverpool,Premier Leauge,28,69,69,6174,8,3,0,0,2,0,0,12,0,04,0,16,11,0,0,57,19,0,33,33,0,83,0,28,0,14,0,42,63,44,19,40,286,99,34,62,70,33,37,72,454,5145,5686,90,49,6405,9,14,64,29,11
17,17,Paul Pogba,€80.00m,FRA,MF,Manchester Utd,Premier Leauge,26,45,41,3698,13,12,7,11,6,0,0,32,0,29,0,61,25,0,1,111,42,1,37,84,2,7,1,02,0,12,0,31,65,49,19,40,773,194,25,1,49,12,37,24,40,2307,2804,82,28,3388,75,117,64,1,77
18,18,Jan Oblak,€80.00m,,,,,,,,,,,,,,,,,,,,,,,,,,,,,,,,,,,,,,,,,,,,,,,,
19,19,Eden Hazard,€80.00m,BEL,MF,FW,Real Madrid,La Liga,28,51,45,3930,17,18,4,4,2,0,0,39,0,41,0,8,35,0,0,109,53,0,48,62,2,5,1,21,0,16,0,32,15,11,5,16,7,522,134,25,67,23,0,23,16,1,2080,2569,80,97,3197,173,266,65,04,185
20,20,Joshua Kimmich,€75.00m,GER,MF,DF,Bayern Munich,Bundesliga,24,67,66,5878,6,20,0,0,11,0,0,09,0,31,0,4,26,0,0,53,21,2,39,62,0,81,0,32,0,11,0,29,111,74,41,27,5,914,296,32,39,118,15,103,68,79,5024,5872,85,56,6480,67,99,67,68,72
21,21,Erling Haaland,€72.00m,,,,,,,,,,,,,,,,,,,,,,,,,,,,,,,,,,,,,,,,,,,,,,,,
22,22,Frenkie de Jong,€72.00m,NED,MF,Barcelona,La Liga,22,27,24,2071,2,2,0,0,3,1,0,09,0,09,0,18,4,0,0,4,4,0,100,0,17,0,17,0,5,0,5,30,22,5,27,8,308,96,31,17,24,7,17,23,17,1470,1590,92,45,1762,35,50,70,37
23,23,Paulo Dybala,€72.00m,ARG,MF,FW,Juventus,Serie A,25,57,44,3894,15,9,2,2,6,0,0,35,0,21,0,56,24,1,1,149,48,10,32,21,3,44,1,11,0,1,0,31,35,27,6,16,786,185,23,54,53,2,51,26,2,2194,2618,83,8,3244,106,193,54,92,116
24,24,Serge Gnabry,€72.00m,GER,MF,FW,Bayern Munich,Bundesliga,24,61,47,3955,22,15,0,0,0,0,0,5,0,34,0,84,37,0,0,161,72,0,44,72,3,66,1,64,0,14,0,31,81,57,23,35,1,869,269,30,96,51,2,49,26,7,1572,1967,79,92,2616,117,213,54,93,129
25,25,Saúl Ñíguez,€72.00m,ESP,MF,DF,Atlético Madrid,La Liga,24,64,63,5708,10,1,2,3,18,0,0,16,0,02,0,18,11,2,2,93,28,2,30,11,1,47,0,44,0,11,0,36,173,121,61,36,1322,355,26,85,190,26,164,95,158,2519,3227,78,06,4067,75,113,66,37,81
26,26,Roberto Firmino,€72.00m,BRA,FW,Liverpool,Premier Leauge,27,65,60,5154,20,13,1,1,0,0,0,35,0,23,0,58,33,0,0,165,65,0,39,39,2,88,1,14,0,12,0,31,64,51,15,32,3,1372,398,29,01,84,8,76,13,30,1880,2338,80,41,3041,113,169,66,86,123
27,27,Alisson,€72.00m,,,,,,,,,,,,,,,,,,,,,,,,,,,,,,,,,,,,,,,,,,,,,,,,
28,28,Marc-André ter Stegen,€72.00m,,,,,,,,,,,,,,,,,,,,,,,,,,,,,,,,,,,,,,,,,,,,,,,,
29,29,Romelu Lukaku,€68.00m,BEL,FW,Inter,Serie A,26,61,49,4567,31,2,5,5,6,0,0,61,0,04,0,65,33,5,5,142,68,1,47,89,2,8,1,34,0,22,0,46,21,12,6,33,3,567,145,25,57,28,11,17,3,46,836,1217,68,69,1762,43,70,61,43,46
30,30,Christian Eriksen,€68.00m,DEN,MF,FW,Tottenham,Premier Leauge,27,55,40,3871,10,14,0,0,8,0,0,23,0,33,0,56,24,0,0,110,40,7,36,36,2,56,0,93,0,09,0,25,60,39,18,21,7,933,244,26,15,63,5,58,25,19,2089,2728,76,58,3162,24,49,48,98,26
31,31,Christian Eriksen,€68.00m,DEN,MF,Inter,Serie A,27,,,,,,,,,,,,,,0,0,,,2,,,,,,,,,8,3,,,,,,,,,,,,,,,,
32,32,Matthijs de Ligt,€67.50m,,,,,,,,,,,,,,,,,,,,,,,,,,,,,,,,,,,,,,,,,,,,,,,,
33,33,David Alaba,€65.00m,AUT,DF,Bayern Munich,Bundesliga,27,59,56,5028,4,4,0,0,4,0,0,07,0,07,0,14,8,0,0,65,23,6,35,38,1,16,0,41,0,06,0,17,57,38,19,41,7,456,187,41,01,88,14,74,66,106,4018,4615,87,06,5043,32,45,71,11,33
34,34,Lautaro Martínez,€64.00m,ARG,FW,Inter,Serie A,21,53,36,3273,18,4,3,3,12,1,0,49,0,11,0,6,22,2,2,157,53,1,33,76,4,32,1,46,0,11,0,34,17,10,4,8,3,699,170,24,32,49,4,45,18,18,423,649,65,18,1228,55,92,59,78,58
35,35,Rodri,€64.00m,ESP,MF,Manchester City,Premier Leauge,23,63,56,4857,6,2,0,0,13,0,0,11,0,04,0,15,8,0,0,45,16,0,35,56,0,83,0,3,0,13,0,38,166,130,54,38,3,1140,353,30,96,74,19,55,66,124,3823,4147,92,19,4652,45,57,78,95,46
36,36,Sergej Milinkovic-Savic,€64.00m,,,,,,,,,,,,,,,,,,,,,,,,,,,,,,,,,,,,,,,,,,,,,,,,
37,37,Marcus Rashford,€64.00m,ENG,FW,Manchester Utd,Premier Leauge,21,58,51,4455,24,12,5,7,5,1,0,48,0,24,0,72,36,5,7,153,70,14,45,75,3,09,1,41,0,16,0,34,30,14,11,30,4,757,188,24,83,38,2,36,11,36,1122,1500,74,8,2223,112,207,54,11,121
38,38,Andrew Robertson,€64.00m,SCO,DF,Liverpool,Premier Leauge,25,65,64,5743,1,19,0,0,5,0,0,02,0,3,0,32,20,0,0,31,10,0,32,26,0,49,0,16,0,03,0,1,132,74,58,47,5,835,261,31,26,106,13,93,65,126,4263,5240,81,35,5848,48,82,58,54,56
39,39,Dele Alli,€64.00m,ENG,MF,FW,Tottenham,Premier Leauge,23,48,43,3641,13,7,1,1,6,0,0,32,0,17,0,49,20,1,1,79,36,0,45,57,1,95,0,89,0,16,0,36,72,54,14,25,945,260,27,51,88,11,77,31,31,1461,1848,79,06,2434,60,120,50,69
40,40,Timo Werner,€64.00m,GER,FW,RB Leipzig,Bundesliga,23,64,62,5304,44,15,3,4,5,0,0,75,0,25,1,59,3,3,219,97,0,44,29,3,72,1,65,0,2,0,45,31,19,5,15,791,211,26,68,43,4,39,8,8,1374,1909,71,97,2685,104,195,53,33,119
41,41,Raphaël Varane,€64.00m,FRA,DF,Real Madrid,La Liga,26,60,59,5274,5,1,0,0,2,1,0,09,0,02,0,11,6,0,0,26,6,0,23,08,0,44,0,1,0,19,0,83,65,49,13,31,8,389,145,37,28,84,24,60,59,307,2817,3160,89,15,3694,16,24,66,67,18
42,42,Heung-min Son,€64.00m,,,,,,,,,,,,,,,,,,,,,,,,,,,,,,,,,,,,,,,,,,,,,,,,
43,43,Casemiro,€64.00m,BRA,MF,Real Madrid,La Liga,27,58,56,4891,7,2,0,0,18,1,0,13,0,04,0,17,9,0,0,82,21,3,25,61,1,51,0,39,0,09,0,33,186,127,66,37,6,1041,364,34,97,143,23,120,108,123,3019,3526,85,62,4231,32,46,69,57,33
44,44,Alphonso Davies,€60.00m,CAN,DF,Bayern Munich,Bundesliga,18,35,24,2314,4,5,0,0,5,1,0,16,0,19,0,35,9,0,0,14,6,0,42,86,0,54,0,23,0,29,0,67,80,50,30,56,6,443,189,42,66,57,4,53,36,54,1616,1870,86,42,2264,95,153,62,09,103
45,45,Aymeric Laporte,€60.00m,,,,,,,,,,,,,,,,,,,,,,,,,,,,,,,,,,,,,,,,,,,,,,,,
46,46,Marco Verratti,€60.00m,,,,,,,,,,,,,,,,,,,,,,,,,,,,,,,,,,,,,,,,,,,,,,,,
47,47,Mauro Icardi,€60.00m,ARG,FW,Paris S-G,Ligue1,26,49,38,3534,23,6,5,6,0,0,0,59,0,15,0,74,29,0,0,103,41,0,39,81,2,62,1,04,0,22,0,56,16,10,3,0,585,174,29,74,17,6,11,3,29,469,628,74,68,944,16,28,57,14,18
48,48,Cristiano Ronaldo,€60.00m,POR,FW,Juventus,Serie A,34,56,55,4885,45,12,14,15,5,0,0,83,0,22,1,05,57,9,9,313,114,12,36,42,5,77,2,1,0,14,0,39,21,15,5,7,7,492,111,22,56,24,9,15,12,49,1790,2157,82,99,2949,98,167,58,68,103
49,49,Gabriel Jesus,€56.00m,BRA,FW,Manchester City,Premier Leauge,22,56,22,2540,17,8,1,2,3,0,0,6,0,28,0,88,25,0,1,117,56,0,47,86,4,15,1,98,0,15,0,3,32,24,5,22,7,572,174,30,42,37,5,32,13,7,725,850,85,29,1284,65,109,59,63,69
50,50,Arthur,€56.00m,,,,,,,,,,,,,,,,,,,,,,,,,,,,,,,,,,,,,,,,,,,,,,,,
51,51,Ousmane Dembélé,€56.00m,FRA,FW,Barcelona,La Liga,22,34,23,2018,9,5,0,0,2,1,0,4,0,22,0,62,14,0,0,43,18,0,41,86,1,92,0,8,0,21,0,5,19,10,6,0,408,92,22,55,19,0,19,5,3,991,1279,77,48,1557,105,163,64,42,111
52,52,Lucas Hernández,€56.00m,FRA,DF,Bayern Munich,Bundesliga,23,33,23,2037,1,1,0,0,8,0,0,04,0,04,0,08,2,0,0,8,2,0,25,0,35,0,09,0,12,0,5,49,30,27,60,267,94,35,21,41,11,30,30,92,1178,1375,85,67,1614,17,22,77,27,19
53,53,José Giménez,€56.00m,,,,,,,,,,,,,,,,,,,,,,,,,,,,,,,,,,,,,,,,,,,,,,,,
54,54,Ederson,€56.00m,,,,,,,,,,,,,,,,,,,,,,,,,,,,,,,,,,,,,,,,,,,,,,,,
55,55,Fabinho,€56.00m,BRA,MF,Liverpool,Premier Leauge,25,50,38,3646,3,4,0,0,11,0,0,07,0,1,0,17,7,0,0,28,8,2,28,57,0,69,0,2,0,11,0,38,127,82,37,35,1,825,254,30,79,73,8,65,61,79,2569,2961,86,76,3372,23,30,76,67,26
56,56,Harry Maguire,€56.00m,ENG,DF,Manchester Utd,Premier Leauge,26,63,63,5476,4,1,0,0,10,1,0,07,0,02,0,09,5,0,0,58,19,0,32,76,0,95,0,31,0,07,0,21,72,44,20,38,7,386,135,34,97,86,41,45,102,372,3349,3851,86,96,4544,27,32,84,38,27
57,57,Kalidou Koulibaly,€56.00m,SEN,DF,Napoli,Serie A,28,52,51,4517,2,2,0,0,14,2,0,04,0,04,0,08,4,0,0,35,10,0,28,57,0,7,0,2,0,06,0,2,111,73,38,64,3,481,164,34,1,107,55,52,65,209,3363,3759,89,47,4285,20,29,68,97,21
58,58,Philippe Coutinho,€56.00m,BRA,MF,FW,Bayern Munich,Bundesliga,27,57,37,3429,13,8,1,1,2,0,0,34,0,21,0,55,21,1,1,123,57,2,46,34,3,23,1,5,0,11,0,23,46,37,10,25,605,186,30,74,51,5,46,18,9,1969,2331,84,47,2837,108,170,63,53,118
59,59,Pierre-Emerick Aubameyang,€56.00m,GAB,FW,Arsenal,Premier Leauge,30,66,60,5380,41,7,5,6,3,1,0,69,0,12,0,81,48,1,1,168,69,1,41,07,2,81,1,15,0,24,0,59,56,34,16,25,1113,267,23,99,89,2,87,18,29,1057,1516,69,72,2168,53,102,51,96,60
60,60,Robert Lewandowski,€56.00m,POL,FW,Bayern Munich,Bundesliga,30,64,64,5716,56,11,8,9,7,0,0,88,0,17,1,05,67,5,5,272,108,2,39,71,4,28,1,7,0,21,0,52,31,21,4,11,8,809,262,32,39,32,9,23,11,28,1191,1547,76,99,2363,118,189,62,43,133
61,61,Achraf Hakimi,€54.00m,MAR,WB,Dortmund,Bundesliga,20,54,48,4455,7,14,0,0,9,0,0,14,0,28,0,42,21,0,0,59,25,3,42,37,1,19,0,51,0,12,0,28,93,57,40,33,8,721,237,32,87,86,5,81,58,71,3403,4003,85,01,4657,104,179,58,1,117
62,62,Federico Valverde,€54.00m,URU,MF,FW,Real Madrid,La Liga,21,43,24,2271,2,5,0,0,5,0,0,08,0,2,0,28,7,0,0,27,10,0,37,04,1,07,0,4,0,07,0,2,47,27,14,37,471,122,25,9,47,5,42,42,25,1174,1340,87,61,1591,24,47,51,06,30
63,63,Christian Pulisic,€54.00m,USA,FW,Chelsea,Premier Leauge,20,39,23,2220,11,6,0,0,2,0,0,45,0,24,0,69,17,0,0,76,30,0,39,47,3,08,1,22,0,14,0,37,37,23,14,35,5,459,130,28,32,36,4,32,10,17,842,1090,77,25,1542,89,144,61,81,97
64,64,Tanguy Ndombélé,€52.00m,,,,,,,,,,,,,,,,,,,,,,,,,,,,,,,,,,,,,,,,,,,,,,,,
65,65,Richarlison,€52.00m,BRA,FW,Everton,Premier Leauge,22,65,62,5241,24,4,0,0,10,1,0,41,0,07,0,48,28,0,0,169,56,0,33,14,2,9,0,96,0,14,0,43,113,71,27,34,6,1264,336,26,58,62,10,52,26,75,1011,1543,65,52,2530,101,173,58,38,114
66,66,Nicolas Pépé,€52.00m,CIV,FW,Arsenal,Premier Leauge,24,65,56,5073,27,17,10,11,4,0,0,48,0,3,0,78,44,1,1,155,66,6,42,58,2,75,1,17,0,17,0,41,55,35,13,45,911,222,24,37,55,2,53,21,8,1547,2022,76,51,2918,185,321,57,63,200
67,67,Marquinhos,€52.00m,BRA,MF,DF,Paris S-G,Ligue1,25,49,45,4169,6,3,0,0,3,1,0,13,0,06,0,19,9,0,0,24,6,0,25,0,52,0,13,0,25,1,94,60,42,44,4,731,246,33,65,92,26,66,65,137,3300,3558,92,75,3969,19,24,79,17,21
68,68,Jorginho,€52.00m,ITA,MF,Chelsea,Premier Leauge,27,63,60,5167,6,2,4,4,18,0,0,1,0,03,0,13,8,3,3,28,7,0,25,0,49,0,12,0,21,0,86,134,93,55,32,9,1137,345,30,34,91,13,78,123,60,4309,4868,88,52,5386,32,44,72,73,35
69,69,Miralem Pjanic,€52.00m,,,,,,,,,,,,,,,,,,,,,,,,,,,,,,,,,,,,,,,,,,,,,,,,
70,70,Sergio Agüero,€52.00m,ARG,FW,Manchester City,Premier Leauge,31,57,49,3911,37,11,4,5,5,0,0,85,0,25,1,1,48,2,3,191,66,0,34,55,4,4,1,52,0,19,0,56,24,19,5,16,7,684,179,26,17,37,8,29,11,4,949,1152,82,38,1714,56,100,56,60
71,71,Leon Goretzka,€50.00m,GER,MF,Bayern Munich,Bundesliga,24,54,40,3535,14,9,0,0,5,0,0,36,0,23,0,59,23,0,0,92,35,0,38,04,2,34,0,89,0,15,0,4,64,45,14,15,4,629,184,29,25,48,8,40,50,25,1836,2110,87,01,2486,37,55,67,27,41
72,72,Houssem Aouar,€49.50m,FRA,MF,Lyon,Ligue1,21,62,58,5017,10,11,0,0,5,0,0,18,0,2,0,38,21,0,0,117,40,2,34,19,2,1,0,72,0,09,0,25,85,55,15,10,7,983,263,26,75,61,6,55,45,32,2712,3145,86,23,3838,132,207,63,77,144
73,73,Declan Rice,€49.50m,ENG,MF,West Ham,Premier Leauge,20,66,66,5883,2,2,0,0,10,0,0,03,0,03,0,06,4,0,0,43,13,0,30,23,0,66,0,2,0,05,0,15,202,149,60,32,2,1515,431,28,45,116,20,96,115,115,2614,3022,86,5,3621,60,77,77,92,62
74,74,Gianluigi Donnarumma,€49.50m,,,,,,,,,,,,,,,,,,,,,,,,,,,,,,,,,,,,,,,,,,,,,,,,
75,75,Mikel Oyarzabal,€48.00m,ESP,MF,FW,Real Sociedad,La Liga,22,68,66,5708,22,9,7,7,6,0,0,35,0,14,0,49,31,4,4,111,40,0,36,04,1,75,0,63,0,2,0,55,62,39,28,39,5,1129,289,25,6,123,12,111,25,38,1442,2002,72,03,2852,119,192,61,98,129
76,76,Fabián Ruiz,€48.00m,,,,,,,,,,,,,,,,,,,,,,,,,,,,,,,,,,,,,,,,,,,,,,,,
77,77,Davinson Sánchez,€48.00m,COL,DF,Tottenham,Premier Leauge,23,47,45,4012,1,1,0,0,7,0,0,02,0,02,0,04,2,0,0,20,6,0,30,0,45,0,13,0,05,0,17,84,58,30,34,444,150,33,78,77,32,45,58,264,2497,2815,88,7,3326,7,11,63,64,7
78,78,Federico Chiesa,€48.00m,ITA,FW,Fiorentina,Serie A,21,62,59,5149,13,6,1,2,9,0,0,23,0,1,0,33,19,1,2,220,73,2,33,18,3,85,1,28,0,06,0,18,79,50,19,14,7,1090,259,23,76,56,2,54,15,12,1108,1575,70,35,2478,136,249,54,62,148
79,79,James Maddison,€48.00m,ENG,MF,Leicester City,Premier Leauge,22,67,64,5455,13,10,1,2,8,1,0,21,0,16,0,37,23,0,0,156,45,14,28,85,2,57,0,74,0,08,0,29,115,73,37,31,9,1393,357,25,63,52,4,48,23,14,2525,3291,76,72,3971,99,142,69,72,104
80,80,Bruno Fernandes,€48.00m,POR,MF,Manchester Utd,Premier Leauge,24,8,8,678,5,3,2,2,1,0,0,66,0,4,1,06,8,2,2,28,11,5,39,29,3,72,1,46,0,18,0,45,14,10,5,18,5,187,48,25,67,9,0,9,7,9,389,548,70,99,649,11,15,73,33,11
81,81,Milan Skriniar,€48.00m,,,,,,,,,,,,,,,,,,,,,,,,,,,,,,,,,,,,,,,,,,,,,,,,
82,82,Clément Lenglet,€48.00m,FRA,DF,Barcelona,La Liga,24,46,45,3982,3,1,0,0,18,3,0,07,0,02,0,09,4,0,0,15,5,0,33,33,0,34,0,11,0,2,0,6,104,78,30,47,6,479,182,38,77,37,40,54,177,2664,2922,91,17,3318,9,11,81,82,9
83,83,Anthony Martial,€48.00m,FRA,FW,Manchester Utd,Premier Leauge,23,53,43,3729,24,5,1,2,3,0,0,58,0,12,0,7,29,0,1,102,54,0,52,94,2,46,1,3,0,24,0,44,29,25,4,0,546,150,27,47,32,0,32,4,20,1054,1344,78,42,1867,84,145,57,93,89
84,84,Riyad Mahrez,€48.00m,ALG,FW,Manchester City,Premier Leauge,28,53,32,2946,16,12,1,2,0,0,0,49,0,37,0,86,28,1,1,111,49,6,44,14,3,39,1,5,0,14,0,33,40,28,12,22,5,614,165,26,87,54,0,54,27,12,1603,1926,83,23,2363,84,138,60,87,87
85,85,Niklas Süle,€48.00m,GER,DF,Bayern Munich,Bundesliga,23,39,37,3295,2,1,0,0,4,0,0,05,0,03,0,08,3,0,0,26,6,0,23,08,0,71,0,16,0,08,0,33,44,29,17,60,215,79,36,74,46,22,24,54,133,2941,3159,93,1,3454,6,7,85,71,6
86,86,Marcelo Brozovic,€48.00m,,,,,,,,,,,,,,,,,,,,,,,,,,,,,,,,,,,,,,,,,,,,,,,,
87,87,Lorenzo Insigne,€48.00m,ITA,MF,FW,Napoli,Serie A,28,55,49,4109,15,11,4,5,7,1,0,33,0,24,0,57,26,3,3,200,66,5,33,4,38,1,45,0,08,0,23,34,25,14,28,2,713,174,24,4,27,1,26,31,5,2229,2719,81,98,3283,87,160,54,37,96
88,88,Stefan de Vrij,€48.00m,NED,DF,Inter,Serie A,27,55,53,4788,5,3,0,0,6,0,0,09,0,06,0,15,8,0,0,36,12,0,33,33,0,68,0,23,0,14,0,42,62,40,19,39,1,392,121,30,87,85,52,33,67,231,2767,3004,92,11,3473,19,20,95,20
89,89,Thibaut Courtois,€48.00m,,,,,,,,,,,,,,,,,,,,,,,,,,,,,,,,,,,,,,,,,,,,,,,,
90,90,Alexandre Lacazette,€48.00m,FRA,FW,Arsenal,Premier Leauge,28,59,44,4005,20,11,0,0,8,0,0,45,0,25,0,7,31,0,0,129,49,3,37,98,2,9,1,1,0,16,0,41,53,43,7,23,1,945,232,24,55,40,4,36,21,32,895,1202,74,46,1820,73,110,66,36,76
91,91,Koke,€48.00m,ESP,MF,Atlético Madrid,La Liga,27,57,54,4834,5,10,0,0,15,1,0,09,0,19,0,28,15,0,0,38,11,0,28,95,0,71,0,2,0,13,0,45,148,97,60,38,1,1134,290,25,57,90,14,76,58,60,2964,3598,82,38,4128,50,66,75,76,51
92,92,Thiago,€48.00m,,,,,,,,,,,,,,,,,,,,,,,,,,,,,,,,,,,,,,,,,,,,,,,,
93,93,Toni Kroos,€48.00m,GER,MF,Real Madrid,La Liga,29,57,53,4483,4,9,0,0,4,0,0,08,0,18,0,26,13,0,0,83,27,2,32,53,1,67,0,54,0,05,0,15,106,80,32,25,1118,283,25,31,62,5,57,37,27,3918,4406,88,92,4789,32,41,78,05,33
94,94,Rodrygo,€45.00m,BRA,FW,Real Madrid,La Liga,18,14,9,750,2,0,0,0,0,0,0,24,0,0,24,2,0,0,13,6,0,46,15,1,56,0,72,0,15,0,33,5,4,2,11,1,158,34,21,52,15,2,13,9,3,325,388,83,76,497,14,31,45,16,15
95,95,Ferran Torres,€45.00m,,,,,,,,,,,,,,,,,,,,,,,,,,,,,,,,,,,,,,,,,,,,,,,,
96,96,Nicolo Zaniolo,€45.00m,ITA,MF,FW,Roma,Serie A,20,45,35,3055,8,3,0,0,14,0,0,24,0,09,0,33,11,0,0,84,34,0,40,48,2,47,1,0,1,0,24,48,36,21,20,804,189,23,51,37,3,34,20,14,753,965,78,03,1516,97,176,55,11,102
97,97,Vinicius Junior,€45.00m,,,,,,,,,,,,,,,,,,,,,,,,,,,,,,,,,,,,,,,,,,,,,,,,
98,98,Dayot Upamecano,€45.00m,FRA,DF,RB Leipzig,Bundesliga,20,43,41,3650,0,1,0,0,13,1,0,0,02,0,02,1,0,0,24,5,0,20,83,0,59,0,12,0,0,86,61,32,54,8,440,190,43,18,71,21,50,78,167,2368,2694,87,9,3133,36,44,81,82,38
99,99,Martin Ödegaard,€45.00m,,,,,,,,,,,,,,,,,,,,,,,,,,,,,,,,,,,,,,,,,,,,,,,,
100,100,Donny van de Beek,€44.00m,,,,,,,,,,,,,,,,,,,,,,,,,,,,,,,,,,,,,,,,,,,,,,,,
101,101,Youri Tielemans,€44.00m,BEL,MF,Leicester City,Premier Leauge,22,44,39,3415,6,9,0,0,4,0,0,16,0,24,0,4,15,0,0,76,21,0,27,63,2,0,55,0,08,0,29,58,39,13,20,752,203,26,99,58,7,51,29,37,1756,2135,82,25,2556,38,57,66,67,39
102,102,Youri Tielemans,€44.00m,BEL,MF,Leicester City,Premier Leauge,,,,,,,,,,,,,,,,,,,,,,,,,,,,,,,,,,,,,,,,,,,,50
103,103,Memphis Depay,€44.00m,NED,MF,FW,Lyon,Ligue1,25,49,41,3755,19,12,1,3,5,0,0,46,0,29,0,75,31,1,1,153,57,7,37,25,3,67,1,37,0,12,0,33,25,24,8,25,593,159,26,81,26,4,22,13,5,1461,1976,73,94,2501,100,156,64,1,107
104,104,Wilfried Zaha,€44.00m,CIV,MF,FW,Crystal Palace,Premier Leauge,26,66,65,5776,13,8,0,0,13,1,0,2,0,12,0,32,21,0,0,127,41,0,32,28,1,98,0,64,0,1,0,32,84,60,23,22,1470,391,26,6,61,4,57,24,6,1676,2155,77,77,3360,289,485,59,59,310
105,105,Luis Alberto,€44.00m,ESP,MF,Lazio,Serie A,26,55,53,4392,9,19,2,2,9,1,0,18,0,39,0,57,28,1,1,146,35,10,23,97,2,99,0,72,0,06,0,26,88,57,33,21,7,1190,350,29,41,65,4,61,32,18,2567,3271,78,48,3860,82,137,59,85,92
106,106,Mattéo Guendouzi,€40.50m,FRA,MF,Arsenal,Premier Leauge,20,57,42,3897,0,1,0,0,15,0,0,0,02,0,02,1,0,0,26,8,0,30,77,0,6,0,18,0,0,60,38,26,27,8,862,239,27,73,77,12,65,57,76,2430,2767,87,82,3212,60,84,71,43,62
107,107,Ibrahima Konaté,€40.50m,,,,,,,,,,,,,,,,,,,,,,,,,,,,,,,,,,,,,,,,,,,,,,,,
108,108,Mason Mount,€40.50m,ENG,MF,FW,Chelsea,Premier Leauge,20,32,27,2515,6,4,0,0,3,0,0,21,0,14,0,35,10,0,0,71,27,10,38,03,2,54,0,97,0,08,0,22,46,30,13,30,2,670,188,28,06,23,1,22,14,15,999,1238,80,69,1580,42,66,63,64,44
109,109,Carlos Soler,€40.00m,ESP,MF,Valencia,La Liga,22,55,48,4214,4,6,0,0,12,0,0,09,0,13,0,22,10,0,0,57,19,0,33,33,1,22,0,41,0,07,0,21,66,37,22,21,9,1111,270,24,3,85,12,73,30,48,1244,1623,76,65,2129,46,90,51,11,54
110,110,Rodrigo Bentancur,€40.00m,URU,MF,Juventus,Serie A,22,53,39,3572,2,9,0,0,17,1,0,05,0,23,0,28,11,0,0,30,5,0,16,67,0,76,0,13,0,07,0,4,108,66,39,41,2,1013,273,26,95,83,12,71,70,76,2151,2474,86,94,2922,49,76,64,47,53
111,111,Benjamin Pavard,€40.00m,FRA,DF,Bayern Munich,Bundesliga,23,61,60,5400,4,4,0,0,8,0,0,07,0,07,0,14,8,0,0,33,11,0,33,33,0,55,0,18,0,12,0,36,64,40,28,54,8,458,152,33,19,84,29,55,103,284,3488,4038,86,38,4651,30,51,58,82,32
112,112,Giovani Lo Celso,€40.00m,ARG,MF,FW,Tottenham,Premier Leauge,23,22,8,1000,0,0,0,0,5,0,0,0,0,0,0,0,14,2,1,14,29,1,26,0,18,0,0,35,26,7,16,3,318,110,34,59,19,5,14,8,16,666,793,83,98,960,30,56,53,57,32
113,113,Giovani Lo Celso,€40.00m,ARG,MF,FW,Tottenham,Premier Leauge,,,,,,,,,,,,,,,,,,,,,,,,,,,,,,,,,,,,,,,,,,,,
114,114,Denis Zakaria,€40.00m,SUI,MF,M'gladbach,Bundesliga,22,54,43,3906,6,2,0,0,14,0,0,14,0,05,0,19,8,0,0,56,15,0,26,79,1,29,0,35,0,11,0,4,128,94,35,42,5,795,230,28,93,86,24,62,62,65,1429,1685,84,81,2212,84,125,67,2,93
115,115,Tammy Abraham,€40.00m,ENG,FW,Chelsea,Premier Leauge,21,28,24,2034,13,3,0,0,2,0,0,58,0,13,0,71,16,0,0,78,31,0,39,74,3,45,1,37,0,17,0,42,13,9,3,23,1,404,120,29,7,23,5,18,4,26,267,379,70,45,683,19,34,55,88,20
116,116,Ben Chilwell,€40.00m,ENG,DF,Leicester City,Premier Leauge,22,62,62,5569,3,7,0,0,6,0,0,05,0,11,0,16,10,0,0,35,16,0,45,71,0,57,0,26,0,09,0,19,107,62,38,32,2,1008,284,28,17,131,17,114,66,202,3103,4195,73,97,5024,60,115,52,17,69
117,117,Iñaki Williams,€40.00m,ESP,FW,Athletic Club,La Liga,25,71,66,5647,18,5,1,2,6,0,0,29,0,08,0,37,23,1,2,111,51,0,45,95,1,77,0,81,0,16,0,35,37,22,12,37,5,913,237,25,96,40,4,36,13,61,955,1338,71,38,2101,109,189,57,67,123
118,118,Kingsley Coman,€40.00m,FRA,MF,FW,Bayern Munich,Bundesliga,23,45,34,2883,10,7,0,0,4,0,0,31,0,22,0,53,17,0,0,68,33,0,48,53,2,12,1,03,0,15,0,3,33,21,16,44,565,173,30,62,41,0,41,9,7,1155,1481,77,99,1944,118,185,63,78,124
119,119,Thomas,€40.00m,,,,,,,,,,,,,,,,,,,,,,,,,,,,,,,,,,,,,,,,,,,,,,,,
120,120,Moussa Dembélé,€40.00m,FRA,FW,Lyon,Ligue1,23,60,45,4204,31,6,5,7,4,0,0,66,0,13,0,79,37,4,5,136,57,0,41,91,2,91,1,22,0,23,0,54,22,18,6,16,7,576,148,25,69,37,10,27,5,43,671,904,74,23,1526,61,106,57,55,72
121,121,Rúben Neves,€40.00m,POR,MF,Wolves,Premier Leauge,22,67,63,5555,6,4,2,2,17,0,0,1,0,06,0,16,10,0,0,121,23,6,19,01,1,96,0,37,0,05,0,26,117,74,47,31,1,1277,324,25,37,132,24,108,119,97,2888,3596,80,31,4243,36,52,69,23,40
122,122,José Gayà,€40.00m,,,,,,,,,,,,,,,,,,,,,,,,,,,,,,,,,,,,,,,,,,,,,,,,
123,123,Hakim Ziyech,€40.00m,,,,,,,,,,,,,,,,,,,,,,,,,,,,,,,,,,,,,,,,,,,,,,,,
124,124,Raúl Jiménez,€40.00m,MEX,FW,Wolves,Premier Leauge,28,70,67,5827,28,13,5,5,7,0,0,43,0,2,0,63,41,3,3,216,67,0,31,02,3,34,1,03,0,13,0,42,53,38,10,9,1,1154,274,23,74,51,6,45,40,64,1430,1945,73,52,2831,103,160,64,38,105
125,125,Julian Brandt,€40.00m,GER,MF,FW,Dortmund,Bundesliga,23,66,55,4869,10,18,0,0,0,0,0,18,0,33,0,51,28,0,0,99,40,0,40,4,1,83,0,74,0,1,0,25,71,50,24,34,4,976,296,30,33,76,3,73,34,19,2848,3553,80,16,4217,133,202,65,84,141
126,126,Wissam Ben Yedder,€40.00m,FRA,FW,Monaco,Ligue1,28,61,56,4976,36,13,5,5,4,0,0,65,0,24,0,89,49,3,3,136,68,7,50,2,46,1,23,0,26,0,53,39,33,7,30,1070,281,26,26,44,0,44,15,7,1191,1600,74,44,2170,82,131,62,6,89
127,127,Daniel Carvajal,€40.00m,,,,,,,,,,,,,,,,,,,,,,,,,,,,,,,,,,,,,,,,,,,,,,,,
128,128,Rodrigo,€40.00m,ESP,FW,Valencia,La Liga,28,60,52,4408,12,13,0,1,7,2,0,25,0,27,0,52,25,0,0,115,43,0,37,39,2,35,0,88,0,1,0,28,27,16,2,5,6,876,218,24,89,33,4,29,13,34,1100,1500,73,33,2056,69,132,52,27,76
129,129,Ciro Immobile,€40.00m,ITA,FW,Lazio,Serie A,29,65,59,5310,44,14,15,16,11,0,0,75,0,24,0,99,58,11,12,216,84,0,38,89,3,66,1,42,0,2,0,52,20,15,2,0,874,205,23,46,39,7,32,11,14,1295,1700,76,18,2388,63,137,45,99,74
130,130,Kyle Walker,€40.00m,ENG,DF,Manchester City,Premier Leauge,29,56,53,4766,2,3,0,0,7,0,0,04,0,06,0,1,5,0,0,33,6,1,18,18,0,62,0,11,0,06,0,33,75,51,41,56,7,581,194,33,39,65,8,57,62,125,3911,4448,87,93,4866,44,61,72,13,48
131,131,Antonio Rüdiger,€40.00m,,,,,,,,,,,,,,,,,,,,,,,,,,,,,,,,,,,,,,,,,,,,,,,,
132,132,Sergi Roberto,€40.00m,ESP,DF,MF,Barcelona,La Liga,27,54,45,3977,1,9,0,0,11,0,0,02,0,2,0,22,10,0,0,15,4,0,26,67,0,34,0,09,0,07,0,25,51,34,16,40,515,164,31,84,62,7,55,71,73,3123,3441,90,76,3826,24,38,63,16,27
133,133,Isco,€40.00m,ESP,MF,FW,Real Madrid,La Liga,27,45,23,2142,4,2,0,0,4,0,0,17,0,08,0,25,6,0,0,42,17,2,40,48,1,76,0,71,0,1,0,24,41,27,15,30,403,95,23,57,22,1,21,11,5,1439,1687,85,3,1963,57,87,65,52,59
134,134,Alex Sandro,€40.00m,BRA,DF,Juventus,Serie A,28,53,50,4274,1,5,0,0,10,0,0,02,0,11,0,13,6,0,0,32,10,0,31,25,0,67,0,21,0,03,0,1,96,61,26,37,9,598,162,27,09,93,14,79,72,102,2912,3502,83,15,4032,58,98,59,18,61
135,135,Jordi Alba,€40.00m,ESP,DF,Barcelona,La Liga,30,58,53,4806,4,10,0,0,12,0,0,07,0,19,0,26,14,0,0,19,6,0,31,58,0,36,0,11,0,21,0,67,65,45,25,30,4,632,205,32,44,105,12,93,94,114,3800,4407,86,23,4863,29,47,61,7,31
136,136,David de Gea,€40.00m,,,,,,,,,,,,,,,,,,,,,,,,,,,,,,,,,,,,,,,,,,,,,,,,
137,137,Ilkay Gündogan,€40.00m,,,,,,,,,,,,,,,,,,,,,,,,,,,,,,,,,,,,,,,,,,,,,,,,
138,138,Georginio Wijnaldum,€40.00m,NED,MF,Liverpool,Premier Leauge,28,65,61,5162,6,0,0,0,3,0,0,1,0,0,1,6,0,0,60,21,0,35,1,05,0,37,0,1,0,29,73,58,17,17,9,903,272,30,12,60,11,49,40,51,2873,3162,90,86,3668,77,121,63,64,81
139,139,Eduardo Camavinga,€37.50m,FRA,MF,Rennes,Ligue1,16,32,28,2471,1,2,0,0,5,0,0,04,0,07,0,11,3,0,0,18,5,0,27,78,0,66,0,18,0,06,0,2,123,70,35,32,5,702,220,31,34,49,10,39,37,55,1001,1128,88,74,1504,17,22,77,27,17
140,140,David Neres,€36.00m,,,,,,,,,,,,,,,,,,,,,,,,,,,,,,,,,,,,,,,,,,,,,,,,
141,141,Ansu Fati,€36.00m,ESP,WB,Barcelona,La Liga,16,20,9,837,5,1,0,0,2,0,0,54,0,11,0,65,6,0,0,28,10,0,35,71,3,01,1,08,0,18,0,5,18,9,6,46,2,179,55,30,73,8,1,7,5,3,341,422,80,81,575,21,49,42,86,24
142,142,Éder Militão,€36.00m,BRA,DF,Real Madrid,La Liga,21,11,7,694,0,0,0,0,2,0,0,0,0,0,0,0,3,1,0,33,33,0,39,0,13,0,0,17,10,3,50,77,25,32,47,10,6,4,17,38,412,479,86,01,566,1,2,50,1
143,143,Jonathan Ikoné,€36.00m,,,,,,,,,,,,,,,,,,,,,,,,,,,,,,,,,,,,,,,,,,,,,,,,
144,144,Lucas Torreira,€36.00m,URU,MF,Arsenal,Premier Leauge,23,58,39,3755,3,3,0,0,11,1,0,07,0,07,0,14,6,0,0,44,12,0,27,27,1,05,0,29,0,07,0,25,94,70,34,35,3,951,242,25,45,66,15,51,69,69,2146,2454,87,45,2921,35,44,79,55,36
145,145,Wilfred Ndidi,€36.00m,NGA,MF,Leicester City,Premier Leauge,22,64,60,5460,4,1,0,0,13,0,0,07,0,02,0,09,5,0,0,77,11,0,14,29,1,27,0,18,0,05,0,36,261,172,60,34,4,1542,498,32,3,140,13,127,154,172,2842,3442,82,57,4301,60,78,76,92,66
146,146,Nicolò Barella,€36.00m,ITA,MF,Inter,Serie A,22,58,54,4761,2,6,0,1,18,2,0,04,0,11,0,15,8,0,0,71,16,0,22,54,1,34,0,3,0,03,0,12,133,84,38,19,1098,301,27,41,94,7,87,51,48,2396,2977,80,48,3692,84,145,57,93,93
147,147,André Onana,€36.00m,,,,,,,,,,,,,,,,,,,,,,,,,,,,,,,,,,,,,,,,,,,,,,,,
148,148,Alessio Romagnoli,€36.00m,ITA,DF,Milan,Serie A,24,61,61,5457,2,0,0,0,10,1,0,03,0,0,03,2,0,0,23,4,0,17,39,0,38,0,07,0,09,0,5,74,50,18,31,8,460,149,32,39,109,50,59,91,343,3239,3529,91,78,4143,5,8,62,5,5
149,149,John Stones,€36.00m,ENG,DF,Manchester City,Premier Leauge,25,36,30,2670,0,0,0,0,1,0,0,0,0,0,0,0,11,2,0,18,18,0,37,0,07,0,0,32,23,8,50,213,84,39,44,41,12,29,23,95,2371,2505,94,65,2700,8,9,88,89,9
150,150,João Cancelo,€36.00m,POR,DF,Manchester City,Premier Leauge,25,37,31,2843,1,3,0,0,9,0,0,03,0,09,0,12,4,0,0,34,9,0,26,47,1,08,0,28,0,03,0,11,83,54,35,40,395,106,26,84,42,6,36,34,51,2073,2452,84,54,2809,96,140,68,57,101
151,151,Sébastien Haller,€36.00m,FRA,FW,West Ham,Premier Leauge,25,56,47,4329,22,10,3,3,4,0,0,46,0,21,0,67,32,0,0,98,47,0,47,96,2,04,0,98,0,22,0,47,42,31,6,11,1,1074,244,22,72,54,9,45,21,42,998,1518,65,74,2126,53,85,62,35,56
152,152,Álvaro Morata,€36.00m,ESP,FW,Atlético Madrid,La Liga,26,45,32,2757,14,1,1,2,9,1,0,46,0,03,0,49,15,1,2,95,41,0,43,16,3,1,1,34,0,15,0,34,27,20,2,20,449,126,28,06,22,4,18,4,32,464,654,70,95,1107,22,41,53,66,22
153,153,Álvaro Morata,€36.00m,ESP,FW,Atlético Madrid,La Liga,,,,,,,,,,,,,,,,,,,,,,,,,,,,,,,,,,,,,,,,,,,,
154,154,Duván Zapata,€36.00m,COL,FW,Atalanta,Serie A,28,55,48,4180,37,12,2,3,6,0,0,8,0,26,1,06,49,1,1,180,75,0,41,67,3,88,1,61,0,21,0,49,19,14,5,42,9,596,181,30,37,45,12,33,5,25,878,1150,76,35,1962,86,150,57,33,91
155,155,Mateo Kovacic,€36.00m,,,,,,,,,,,,,,,,,,,,,,,,,,,,,,,,,,,,,,,,,,,,,,,,
156,156,Lukas Klostermann,€35.00m,GER,DF,RB Leipzig,Bundesliga,23,57,53,4646,8,2,0,0,2,0,0,15,0,04,0,19,10,0,0,26,13,0,50,0,5,0,25,0,31,0,62,98,51,38,41,5,658,257,39,06,111,22,89,58,193,2316,2824,82,01,3354,28,36,77,78,28
157,157,Raphaël Guerreiro,€35.00m,POR,DF,Dortmund,Bundesliga,25,52,43,3862,10,8,0,0,5,0,0,23,0,19,0,42,18,0,0,74,29,7,39,19,1,72,0,68,0,14,0,34,75,53,26,48,4,541,194,35,86,68,6,62,63,41,2853,3306,86,3,3787,85,127,66,93,91
158,158,Marcel Sabitzer,€35.00m,AUT,MF,FW,RB Leipzig,Bundesliga,25,62,56,4851,13,10,0,0,13,0,0,24,0,19,0,43,23,0,0,133,41,8,30,83,2,47,0,76,0,1,0,32,85,62,37,28,8,974,325,33,37,74,7,67,56,61,2028,2767,73,29,3383,43,71,60,56,45
159,159,Naby Keïta,€33.50m,GUI,MF,Liverpool,Premier Leauge,24,36,21,1831,3,2,0,0,1,0,0,15,0,1,0,25,5,0,0,36,14,0,38,89,1,77,0,69,0,08,0,21,56,34,17,50,531,173,32,58,47,4,43,21,16,1329,1495,88,9,1780,37,59,62,71,42
160,160,Joe Gomez,€33.50m,,,,,,,,,,,,,,,,,,,,,,,,,,,,,,,,,,,,,,,,,,,,,,,,
161,161,Christopher Nkunku,€33.00m,FRA,MF,FW,RB Leipzig,Bundesliga,21,54,34,3081,8,15,0,0,2,0,0,23,0,44,0,67,23,0,0,74,28,3,37,84,2,16,0,82,0,11,0,29,45,33,14,29,4,735,235,31,97,54,5,49,26,21,1247,1491,83,64,1956,84,144,58,33,90
162,162,Aaron Wan-Bissaka,€32.00m,ENG,DF,Manchester Utd,Premier Leauge,21,64,64,5734,0,7,0,0,9,1,0,0,11,0,11,7,0,0,16,1,0,6,25,0,25,0,02,0,0,258,115,81,61,4,1265,322,25,45,195,32,163,143,246,2619,3354,78,09,4351,129,185,69,73,133
163,163,Maxi Gómez,€32.00m,URU,FW,Valencia,La Liga,22,63,55,4815,21,7,1,2,11,1,0,39,0,13,0,52,28,0,1,115,44,0,38,26,2,15,0,82,0,18,0,48,17,15,6,33,3,683,164,24,01,29,3,26,7,49,737,1042,70,73,1580,22,47,46,81,25
164,164,Moussa Diaby,€32.00m,FRA,MF,FW,Leverkusen,Bundesliga,20,53,28,2912,7,11,0,0,4,0,0,22,0,34,0,56,18,0,0,66,29,0,43,94,2,04,0,9,0,11,0,24,24,16,7,15,4,501,141,28,14,27,1,26,18,5,979,1279,76,54,1666,98,164,59,76,109
165,165,Theo Hernández,€32.00m,FRA,DF,Milan,Serie A,21,49,46,4129,6,4,0,0,13,1,0,13,0,09,0,22,10,0,0,59,17,0,28,81,1,29,0,37,0,1,0,35,99,54,51,42,9,737,214,29,04,84,7,77,64,84,2331,2838,82,14,3456,89,154,57,79,94
166,166,Diego Carlos,€32.00m,BRA,DF,Sevilla,La Liga,26,66,66,5922,4,0,0,0,15,0,0,06,0,0,06,4,0,0,56,6,0,10,71,0,85,0,09,0,07,0,67,108,75,29,57,1,470,174,37,02,103,56,47,78,422,2762,3263,84,65,3994,15,17,88,24,15
167,167,Caglar Söyüncü,€32.00m,,,,,,,,,,,,,,,,,,,,,,,,,,,,,,,,,,,,,,,,,,,,,,,,
168,168,Dani Ceballos,€32.00m,ESP,MF,Arsenal,Premier Leauge,22,41,26,2494,3,2,0,0,3,0,0,11,0,07,0,18,5,0,0,31,8,0,25,81,1,12,0,29,0,1,0,38,68,42,20,24,717,190,26,5,46,4,42,40,22,1788,2019,88,56,2355,42,67,62,69,44
169,169,Marcus Thuram,€32.00m,FRA,FW,M'gladbach,Bundesliga,21,63,60,4773,19,9,4,5,7,2,0,36,0,17,0,53,28,0,0,119,61,0,51,26,2,24,1,15,0,16,0,31,74,54,20,37,9,907,209,23,04,58,2,56,26,36,1082,1542,70,17,2375,182,296,61,49,201
170,170,Marco Asensio,€32.00m,ESP,FW,Real Madrid,La Liga,23,33,19,1829,2,5,0,0,3,0,0,1,0,25,0,35,7,0,0,47,18,0,38,3,2,31,0,89,0,04,0,11,16,9,3,0,267,63,23,6,18,0,18,15,5,880,1062,82,86,1287,38,59,64,41,41
171,171,Ferland Mendy,€32.00m,FRA,DF,Real Madrid,La Liga,24,50,41,3890,2,4,0,0,9,1,0,05,0,09,0,14,6,0,0,31,9,0,29,03,0,72,0,21,0,06,0,22,77,45,20,50,460,146,31,74,77,10,67,51,77,2505,2986,83,89,3491,94,131,71,76,100
172,172,Lorenzo Pellegrini,€32.00m,ITA,MF,Roma,Serie A,23,45,40,3433,4,12,0,0,13,1,0,1,0,31,0,41,16,0,0,94,22,3,23,4,2,46,0,58,0,04,0,18,59,42,21,13,812,203,25,46,3,43,27,40,1491,1978,75,38,2481,55,97,56,7,65
173,173,Ángel Correa,€32.00m,ARG,MF,FW,Atlético Madrid,La Liga,24,64,39,3693,8,8,0,0,12,1,0,19,0,19,0,38,16,0,0,72,26,1,36,11,1,75,0,63,0,11,0,31,58,43,15,15,4,961,258,26,85,64,10,54,30,35,948,1283,73,89,1932,101,178,56,74,108
174,174,Luka Jovic,€32.00m,,,,,,,,,,,,,,,,,,,,,,,,,,,,,,,,,,,,,,,,,,,,,,,,
175,175,Alex Telles,€32.00m,,,,,,,,,,,,,,,,,,,,,,,,,,,,,,,,,,,,,,,,,,,,,,,,
176,176,Harry Winks,€32.00m,ENG,MF,Tottenham,Premier Leauge,23,51,37,3279,1,0,0,0,12,0,0,03,0,0,03,1,0,0,20,4,0,20,0,55,0,11,0,05,0,25,59,41,24,36,2,715,209,29,23,48,12,36,45,41,2433,2705,89,94,2989,28,43,65,12,31
177,177,Nélson Semedo,€32.00m,,,,,,,,,,,,,,,,,,,,,,,,,,,,,,,,,,,,,,,,,,,,,,,,
178,178,Ricardo Pereira,€32.00m,POR,DF,Leicester City,Premier Leauge,25,63,63,5643,5,8,0,0,8,0,0,08,0,13,0,21,13,0,0,43,14,0,32,56,0,69,0,22,0,12,0,36,241,138,92,46,3,1311,404,30,82,162,14,148,106,195,3008,3831,78,52,4794,121,183,66,12,135
179,179,Nabil Fekir,€32.00m,FRA,MF,FW,Betis,La Liga,26,57,51,4279,16,11,5,7,14,2,0,34,0,23,0,57,27,1,1,173,71,6,41,04,3,64,1,49,0,09,0,23,79,50,16,21,4,1215,282,23,21,67,5,62,21,10,1564,1927,81,16,2707,126,192,65,62,136
180,180,Kepa,€32.00m,,,,,,,,,,,,,,,,,,,,,,,,,,,,,,,,,,,,,,,,,,,,,,,,
181,181,Arkadiusz Milik,€32.00m,POL,FW,Napoli,Serie A,25,53,42,3726,27,3,0,0,8,0,0,65,0,07,0,72,30,0,0,168,73,2,43,45,4,06,1,76,0,16,0,37,26,15,3,28,6,757,170,22,46,22,5,17,4,22,822,989,83,11,1424,28,48,58,33,30
182,182,Héctor Bellerín,€32.00m,ESP,DF,Arsenal,Premier Leauge,24,31,29,2503,1,5,0,0,5,0,0,04,0,18,0,22,6,0,0,23,5,0,21,74,0,83,0,18,0,04,0,2,35,25,16,30,353,91,25,78,55,8,47,36,59,1267,1533,82,65,1807,29,47,61,7,33
183,183,Lucas Ocampos,€32.00m,ARG,FW,Sevilla,La Liga,25,62,58,5080,16,11,4,4,20,1,0,28,0,19,0,47,27,4,4,130,50,0,38,46,2,3,0,89,0,12,0,32,125,84,54,25,8,1144,323,28,23,97,13,84,53,44,1340,1796,74,61,2804,157,307,51,14,175
184,184,Florian Thauvin,€32.00m,,,,,,,,,,,,,,,,,,,,,,,,,,,,,,,,,,,,,,,,,,,,,,,,
185,185,Piotr Zielinski,€32.00m,,,,,,,,,,,,,,,,,,,,,,,,,,,,,,,,,,,,,,,,,,,,,,,,
186,186,Andrea Belotti,€32.00m,ITA,FW,Torino,Serie A,25,64,63,5574,27,5,11,13,8,0,0,44,0,08,0,52,32,6,7,193,70,3,36,27,3,12,1,13,0,14,0,39,55,39,11,15,6,876,220,25,11,74,16,58,21,38,900,1359,66,23,2317,77,157,49,04,80
187,187,Filip Kostic,€32.00m,,,,,,,,,,,,,,,,,,,,,,,,,,,,,,,,,,,,,,,,,,,,,,,,
188,188,Felipe Anderson,€32.00m,BRA,MF,FW,West Ham,Premier Leauge,26,60,56,4536,10,8,0,0,4,0,0,2,0,16,0,36,18,0,0,81,32,0,39,51,1,61,0,63,0,12,0,31,121,74,34,22,9,1121,276,24,62,88,1,87,66,24,2053,2753,74,57,3462,150,250,60,159
189,189,Samuel Umtiti,€32.00m,,,,,,,,,,,,,,,,,,,,,,,,,,,,,,,,,,,,,,,,,,,,,,,,
190,190,Allan,€32.00m,BRA,MF,Napoli,Serie A,28,21,17,1332,1,1,0,0,4,0,0,07,0,07,0,14,2,0,0,13,6,0,46,15,0,88,0,41,0,08,0,17,56,37,17,33,3,435,109,25,06,28,5,23,11,16,696,817,85,19,996,17,29,58,62,19
191,191,Allan,€32.00m,BRA,MF,Napoli,Serie A,,,,,,,,,,,,,,,,,,,,,,,,,,,,,,,,,,,,,,,,,,,,
192,192,Konstantinos Manolas,€32.00m,,,,,,,,,,,,,,,,,,,,,,,,,,,,,,,,,,,,,,,,,,,,,,,,
193,193,Thorgan Hazard,€32.00m,BEL,MF,FW,Dortmund,Bundesliga,26,66,61,5253,17,24,3,5,4,0,0,29,0,41,0,7,41,0,0,123,44,0,35,77,2,11,0,75,0,14,0,39,85,65,24,28,3,1193,285,23,89,73,5,68,40,9,1941,2645,73,38,3347,138,224,61,61,147
194,194,James Rodríguez,€32.00m,COL,MF,Real Madrid,La Liga,28,28,18,1557,8,4,0,0,3,0,0,46,0,23,0,69,12,0,0,43,20,1,46,51,2,49,1,16,0,19,0,4,30,22,5,37,5,303,88,29,04,17,1,16,7,2,1044,1272,82,08,1435,21,29,72,41,22
195,195,Joel Matip,€32.00m,,,,,,,,,,,,,,,,,,,,,,,,,,,,,,,,,,,,,,,,,,,,,,,,
196,196,Lucas Moura,€32.00m,BRA,MF,FW,Tottenham,Premier Leauge,26,60,44,3874,14,2,0,0,5,0,0,33,0,05,0,38,16,0,0,93,32,0,34,41,2,16,0,74,0,15,0,44,66,43,16,19,6,869,228,26,24,53,3,50,39,39,1050,1405,74,73,2063,101,179,56,42,107
197,197,Ángel Di María,€32.00m,ARG,MF,FW,Paris S-G,Ligue1,31,56,51,4324,20,25,1,2,4,0,0,42,0,52,0,94,45,1,2,170,54,8,31,76,3,54,1,12,0,12,0,37,45,32,13,16,7,1019,270,26,5,55,5,50,27,3,2008,2747,73,1,3359,126,228,55,26,139
198,198,Wojciech Szczesny,€32.00m,,,,,,,,,,,,,,,,,,,,,,,,,,,,,,,,,,,,,,,,,,,,,,,,
199,199,Gareth Bale,€32.00m,WAL,MF,FW,Real Madrid,La Liga,30,45,33,2875,10,5,1,1,8,1,0,31,0,16,0,47,15,0,0,108,44,3,40,74,3,38,1,38,0,09,0,23,24,19,6,25,346,88,25,43,43,5,38,17,18,929,1263,73,56,1625,40,64,62,5,43
200,200,Karim Benzema,€32.00m,FRA,FW,Real Madrid,La Liga,31,67,65,5595,38,13,6,6,1,0,0,61,0,21,0,82,51,3,3,204,88,1,43,14,3,28,1,42,0,19,0,43,34,25,11,31,8,732,179,24,45,27,4,23,15,49,1950,2337,83,44,2991,86,145,59,31,91
201,201,Renan Lodi,€31.50m,BRA,DF,Atlético Madrid,La Liga,21,28,25,2119,1,2,0,0,5,1,0,04,0,08,0,12,3,0,0,13,3,0,23,08,0,55,0,13,0,08,0,33,62,40,31,45,6,317,85,26,81,56,7,49,41,58,835,1121,74,49,1413,12,25,48,13
202,202,Dejan Kulusevski,€31.50m,,,,,,,,,,,,,,,,,,,,,,,,,,,,,,,,,,,,,,,,,,,,,,,,
203,203,Sandro Tonali,€31.50m,ITA,MF,Brescia,Serie A,19,26,26,2300,1,5,0,0,6,0,0,04,0,2,0,24,6,0,0,19,5,2,26,32,0,74,0,2,0,05,0,2,44,36,11,28,9,440,116,26,36,48,14,34,30,40,839,1194,70,27,1464,35,44,79,55,37
204,204,Ryan Sessegnon,€31.50m,,,,,,,,,,,,,,,,,,,,,,,,,,,,,,,,,,,,,,,,,,,,,,,,
205,205,Callum Hudson-Odoi,€31.50m,ENG,FW,Chelsea,Premier Leauge,18,27,11,1170,1,5,0,0,1,0,0,08,0,38,0,46,6,0,0,28,7,0,25,2,15,0,54,0,04,0,14,16,11,1,10,195,49,25,13,15,0,15,4,6,548,677,80,95,863,41,67,61,19,44
206,206,Dan-Axel Zagadou,€31.50m,FRA,DF,Dortmund,Bundesliga,20,32,25,2250,3,1,0,0,5,0,0,12,0,04,0,16,4,0,0,16,6,0,37,5,0,64,0,24,0,19,0,5,26,14,8,55,6,170,75,44,12,48,23,25,41,129,1681,1872,89,8,2131,17,17,100,17
207,207,Alessandro Bastoni,€31.50m,ITA,DF,Inter,Serie A,20,42,33,3115,3,0,0,0,8,0,0,09,0,0,09,3,0,0,9,5,0,55,56,0,26,0,14,0,33,0,6,63,36,21,50,371,108,29,11,69,29,40,45,177,1471,1701,86,48,2079,14,20,70,16
208,208,Dani Olmo,€31.50m,ESP,MF,FW,RB Leipzig,Bundesliga,21,12,9,747,3,1,0,0,1,0,0,36,0,12,0,48,4,0,0,21,6,0,28,57,2,53,0,72,0,14,0,5,19,16,2,18,2,163,54,33,13,10,1,9,5,7,279,372,75,490,9,21,42,86,11
209,209,Malcom,€30.50m,,,,,,,,,,,,,,,,,,,,,,,,,,,,,,,,,,,,,,,,,,,,,,,,
210,210,Rúben Dias,€30.50m,,,,,,,,,,,,,,,,,,,,,,,,,,,,,,,,,,,,,,,,,,,,,,,,
211,211,Joaquín Correa,€30.50m,ARG,MF,FW,Lazio,Serie A,24,59,36,3603,12,7,0,0,5,0,0,3,0,17,0,47,19,0,0,138,61,1,44,2,3,45,1,52,0,09,0,2,36,28,10,15,712,182,25,56,25,7,18,8,17,1255,1490,84,23,2051,106,188,56,38,124
212,212,Jack Grealish,€30.50m,ENG,MF,FW,Aston Villa,Premier Leauge,23,30,30,2693,7,6,0,1,8,0,0,23,0,2,0,43,13,0,1,56,17,0,30,36,1,87,0,57,0,12,0,41,31,25,6,24,503,128,25,45,52,12,40,19,11,1077,1355,79,48,1785,67,109,61,47,71
213,213,Andrej Kramaric,€30.50m,,,,,,,,,,,,,,,,,,,,,,,,,,,,,,,,,,,,,,,,,,,,,,,,
214,214,Wout Weghorst,€30.00m,NED,FW,Wolfsburg,Bundesliga,26,66,63,5664,33,10,8,8,11,0,0,52,0,16,0,68,43,4,4,142,67,0,47,18,2,26,1,06,0,23,0,49,39,27,7,7,1,1628,445,27,33,61,11,50,11,52,1095,1618,67,68,2320,50,86,58,14,55
215,215,Alassane Plea,€30.00m,,,,,,,,,,,,,,,,,,,,,,,,,,,,,,,,,,,,,,,,,,,,,,,,
216,216,Thomas Müller,€30.00m,GER,MF,FW,Bayern Munich,Bundesliga,29,65,54,4633,14,30,0,0,6,0,0,27,0,58,0,85,44,0,0,111,44,0,39,64,2,16,0,85,0,13,0,32,98,67,35,26,7,1132,387,34,19,84,11,73,26,24,1957,2623,74,61,3206,48,82,58,54,51
217,217,Leon Bailey,€29.50m,JAM,MF,FW,Leverkusen,Bundesliga,21,51,33,3004,10,4,0,0,4,2,0,3,0,12,0,42,14,0,0,86,26,1,30,23,2,58,0,78,0,12,0,38,28,16,10,30,8,527,148,28,08,38,3,35,25,16,963,1442,66,78,1873,104,158,65,82,110
218,218,Mason Greenwood,€29.00m,ENG,MF,FW,Manchester Utd,Premier Leauge,17,28,7,975,6,1,0,0,0,0,0,55,0,09,0,64,7,0,0,35,18,0,51,43,3,23,1,66,0,17,0,33,19,12,6,35,7,181,57,31,49,12,1,11,5,4,338,399,84,71,528,17,25,68,17
219,219,Ozan Kabak,€29.00m,TUR,DF,Schalke 04,Bundesliga,19,41,36,3127,6,1,0,0,8,0,0,17,0,03,0,2,7,0,0,24,12,0,50,0,69,0,35,0,25,0,5,102,68,29,56,3,376,134,35,64,73,35,38,60,190,1295,1573,82,33,2033,28,37,75,68,29
220,220,Bruno Guimarães,€28.00m,,,,,,,,,,,,,,,,,,,,,,,,,,,,,,,,,,,,,,,,,,,,,,,,
221,221,Diogo Jota,€28.00m,POR,MF,FW,Wolves,Premier Leauge,22,61,53,4299,15,6,0,0,14,0,0,31,0,13,0,44,21,0,0,119,46,0,38,66,2,49,0,96,0,13,0,33,62,39,17,29,3,1029,243,23,62,34,2,32,21,16,1185,1537,77,1,2268,129,227,56,83,145
222,222,Éverton,€28.00m,,,,,,,,,,,,,,,,,,,,,,,,,,,,,,,,,,,,,,,,,,,,,,,,
223,223,Hirving Lozano,€28.00m,MEX,MF,FW,Napoli,Serie A,24,18,8,755,3,1,0,0,1,0,0,36,0,12,0,48,4,0,0,27,9,0,33,33,3,22,1,07,0,11,0,33,8,6,2,22,2,215,38,17,67,12,0,12,4,0,210,274,76,64,417,18,33,54,55,21
224,224,Steven Bergwijn,€28.00m,NED,FW,Tottenham,Premier Leauge,21,7,6,503,3,0,0,0,1,0,0,54,0,0,54,3,0,0,9,4,0,44,44,1,61,0,72,0,33,0,75,4,3,2,40,87,25,28,74,7,0,7,3,4,169,189,89,42,264,7,19,36,84,10
225,225,Presnel Kimpembe,€28.00m,FRA,DF,Paris S-G,Ligue1,23,40,37,3230,0,1,0,0,10,1,0,0,03,0,03,1,0,0,10,3,0,30,0,28,0,08,0,0,90,51,33,64,3,347,119,34,29,42,14,28,48,87,2427,2592,93,63,2892,18,26,69,23,19
226,226,Issa Diop,€28.00m,FRA,DF,West Ham,Premier Leauge,22,59,58,5196,4,0,0,0,12,0,0,07,0,0,07,4,0,0,26,9,0,34,62,0,45,0,16,0,15,0,44,97,49,36,46,4,479,154,32,15,124,58,66,100,328,1608,1925,83,53,2582,9,9,100,9
227,227,Alex Meret,€28.00m,,,,,,,,,,,,,,,,,,,,,,,,,,,,,,,,,,,,,,,,,,,,,,,,
228,228,Abdou Diallo,€28.00m,FRA,DF,Paris S-G,Ligue1,23,44,41,3580,1,2,0,0,5,1,0,03,0,05,0,08,3,0,0,12,5,0,41,67,0,3,0,13,0,08,0,2,54,33,15,40,396,135,34,09,70,20,50,42,142,2713,3014,90,01,3392,54,72,75,58
229,229,Thilo Kehrer,€28.00m,GER,DF,Paris S-G,Ligue1,22,34,24,2382,2,2,0,0,4,0,0,08,0,08,0,16,4,0,0,18,7,0,38,89,0,68,0,26,0,11,0,29,81,50,27,33,3,385,117,30,39,50,20,30,33,77,1654,1792,92,3,2047,5,8,62,5,5
230,230,Konrad Laimer,€28.00m,AUT,MF,RB Leipzig,Bundesliga,22,58,46,3989,3,7,0,0,15,1,0,07,0,16,0,23,10,0,0,24,11,0,45,83,0,54,0,25,0,12,0,27,173,102,61,36,7,1479,470,31,78,124,9,115,70,40,1661,2116,78,5,2702,68,112,60,71,79
231,231,Federico Bernardeschi,€28.00m,ITA,MF,FW,Juventus,Serie A,25,49,26,2501,2,4,0,0,8,1,0,07,0,14,0,21,6,0,0,86,25,0,29,07,3,09,0,9,0,02,0,08,26,15,8,14,3,570,124,21,75,25,2,23,15,17,932,1184,78,72,1542,53,91,58,24,56
232,232,Alejandro Grimaldo,€28.00m,,,,,,,,,,,,,,,,,,,,,,,,,,,,,,,,,,,,,,,,,,,,,,,,
233,233,Nico Elvedi,€28.00m,SUI,DF,M'gladbach,Bundesliga,22,62,60,5241,3,1,0,0,6,0,0,05,0,02,0,07,4,0,0,22,6,0,27,27,0,38,0,1,0,14,0,5,97,62,30,45,5,469,171,36,46,93,27,66,117,266,3550,3841,92,42,4397,13,15,86,67,13
234,234,Victor Lindelöf,€28.00m,SWE,DF,Manchester Utd,Premier Leauge,25,59,58,5198,2,1,0,0,6,0,0,03,0,02,0,05,3,0,0,12,2,0,16,67,0,21,0,03,0,17,1,59,35,24,85,7,430,127,29,53,78,33,45,42,287,2806,3176,88,35,3672,10,14,71,43,11
235,235,Nathan Aké,€28.00m,NED,DF,Bournemouth,Premier Leauge,24,64,64,5695,6,2,0,0,5,0,0,09,0,03,0,12,8,0,0,46,15,0,32,61,0,73,0,24,0,13,0,4,85,48,24,30,4,604,174,28,81,124,63,61,63,405,2494,2859,87,23,3617,8,11,72,73,8
236,236,Kurt Zouma,€28.00m,FRA,DF,Chelsea,Premier Leauge,24,54,48,4416,2,2,0,0,9,1,0,04,0,04,0,08,4,0,0,29,8,0,27,59,0,59,0,16,0,07,0,25,61,34,4,37,5,401,122,30,42,78,27,51,92,300,2597,2987,86,94,3551,11,18,61,11,13
237,237,Benjamin Mendy,€28.00m,FRA,DF,Manchester City,Premier Leauge,25,26,25,2163,0,7,0,0,3,0,0,0,29,0,29,7,0,0,15,3,0,20,0,62,0,12,0,0,35,23,16,32,1,239,70,29,29,35,6,29,26,51,1697,1985,85,49,2192,33,46,71,74,37
238,238,Alex Oxlade-Chamberlain,€28.00m,ENG,MF,FW,Liverpool,Premier Leauge,25,25,13,1196,3,0,0,0,1,0,0,23,0,0,23,3,0,0,34,9,0,26,47,2,56,0,68,0,09,0,33,21,13,6,20,8,320,100,31,25,27,2,25,21,6,541,677,79,91,874,34,51,66,67,35
239,239,Nicolás Tagliafico,€28.00m,,,,,,,,,,,,,,,,,,,,,,,,,,,,,,,,,,,,,,,,,,,,,,,,
240,240,Jordan Pickford,€28.00m,,,,,,,,,,,,,,,,,,,,,,,,,,,,,,,,,,,,,,,,,,,,,,,,
241,241,Paco Alcácer,€28.00m,ESP,FW,Villarreal,La Liga,25,38,21,2100,22,1,1,1,1,0,0,94,0,04,0,98,23,0,0,77,34,1,44,16,3,3,1,46,0,29,0,65,8,6,1,8,3,329,86,26,14,16,2,14,8,14,385,497,77,46,713,10,18,55,56,12
242,242,Paco Alcácer,€28.00m,ESP,FW,Dortmund,Bundesliga,25,,,,,,,,,,,,,,0,0,,,0,,,,,,,,,12,5,,,,,,,,,,,,,,,,
243,243,Lucas Digne,€28.00m,FRA,DF,Everton,Premier Leauge,26,64,62,5476,4,10,0,0,8,1,0,07,0,16,0,23,14,0,0,58,15,11,25,86,0,95,0,25,0,07,0,27,156,76,48,46,6,923,268,29,04,127,16,111,95,230,2553,3648,69,98,4400,32,63,50,79,35
244,244,Matthias Ginter,€28.00m,GER,DF,M'gladbach,Bundesliga,25,58,58,5159,3,1,0,0,4,0,0,05,0,02,0,07,4,0,0,41,15,0,36,59,0,72,0,26,0,07,0,2,60,36,23,41,2,330,118,35,76,90,41,49,50,249,3397,3938,86,26,4438,7,11,63,64,8
245,245,Kieran Trippier,€28.00m,,,,,,,,,,,,,,,,,,,,,,,,,,,,,,,,,,,,,,,,,,,,,,,,
246,246,Kevin Volland,€28.00m,GER,FW,Leverkusen,Bundesliga,27,61,56,4861,24,16,0,0,7,0,0,44,0,3,0,74,40,0,0,164,77,1,46,95,3,04,1,43,0,15,0,31,49,34,13,17,6,965,298,30,88,40,8,32,15,42,1104,1531,72,11,2193,49,98,50,58
247,247,Pablo Sarabia,€28.00m,ESP,MF,FW,Paris S-G,Ligue1,27,54,43,3888,17,16,1,1,10,0,0,39,0,37,0,76,33,0,0,106,41,0,38,68,2,45,0,95,0,16,0,41,50,36,14,18,2,886,205,23,14,50,7,43,32,20,1586,2124,74,67,2629,45,88,51,14,48
248,248,Bernd Leno,€28.00m,,,,,,,,,,,,,,,,,,,,,,,,,,,,,,,,,,,,,,,,,,,,,,,,
249,249,Sergio Busquets,€28.00m,ESP,MF,Barcelona,La Liga,31,63,55,4881,2,3,0,0,19,0,0,04,0,06,0,1,5,0,0,16,4,0,25,0,3,0,07,0,12,0,5,151,116,64,50,9,1186,336,28,33,115,13,102,97,67,4189,4650,90,09,5158,35,43,81,4,37
250,250,Jordan Henderson,€28.00m,ENG,MF,Liverpool,Premier Leauge,29,59,45,4026,4,8,0,0,3,1,0,09,0,18,0,27,12,0,0,33,7,0,21,21,0,74,0,16,0,12,0,57,109,73,34,37,7,1000,298,29,8,75,7,68,61,48,3091,3628,85,2,4023,27,51,52,94,35
251,251,Dani Parejo,€28.00m,,,,,,,,,,,,,,,,,,,,,,,,,,,,,,,,,,,,,,,,,,,,,,,,
252,252,Aaron Ramsey,€28.00m,WAL,MF,Juventus,Serie A,28,46,23,2187,7,7,0,0,0,0,0,29,0,29,0,58,14,0,0,55,21,0,38,18,2,26,0,86,0,13,0,33,55,35,17,28,6,584,148,25,34,27,4,23,15,8,1172,1397,83,89,1706,26,40,65,28
253,253,Luis Suárez,€28.00m,URU,FW,Barcelona,La Liga,32,56,50,4518,34,14,5,5,9,0,0,68,0,28,0,96,48,1,1,173,87,1,50,29,3,45,1,73,0,2,0,39,23,16,7,0,599,164,27,38,34,4,30,8,28,1226,1632,75,12,2279,84,165,50,91,91
254,254,Phil Foden,€27.00m,ENG,MF,FW,Manchester City,Premier Leauge,19,29,7,802,4,1,0,0,0,0,0,45,0,11,0,56,5,0,0,32,17,0,53,12,3,59,1,91,0,12,0,24,19,14,6,42,9,323,90,27,86,12,0,12,6,3,472,549,85,97,675,25,37,67,57,25
255,255,Victor Osimhen,€27.00m,NGA,FW,Lille,Ligue1,20,27,25,2287,13,4,2,3,4,0,0,51,0,16,0,67,17,2,3,82,32,0,39,02,3,23,1,26,0,16,0,41,8,5,1,12,5,439,136,30,98,17,1,16,10,32,232,368,63,04,704,15,36,41,67,17
256,256,Samu Chukwueze,€27.00m,,,,,,,,,,,,,,,,,,,,,,,,,,,,,,,,,,,,,,,,,,,,,,,,
257,257,Boubacar Kamara,€27.00m,FRA,DF,MF,Marseille,Ligue1,19,55,51,4550,2,2,0,0,13,1,0,04,0,04,0,08,4,0,0,23,6,0,26,09,0,45,0,12,0,09,0,33,138,86,46,40,6,680,256,37,65,85,30,55,80,201,2351,2706,86,88,3230,25,36,69,44,27
258,258,Merih Demiral,€27.00m,TUR,DF,Juventus,Serie A,21,19,19,1638,3,1,0,0,4,0,0,16,0,05,0,21,4,0,0,9,4,0,44,44,0,49,0,22,0,33,0,75,47,28,7,60,163,51,31,29,27,18,9,25,113,879,979,89,79,1184,2,4,50,2
259,259,Alex Iwobi,€25.50m,NGA,MF,FW,Everton,Premier Leauge,23,56,38,3380,4,6,0,0,0,0,0,11,0,16,0,27,10,0,0,56,22,0,39,29,1,49,0,59,0,07,0,18,49,31,17,32,3,754,197,26,13,43,4,39,23,12,1171,1561,75,02,1987,80,132,60,61,85
260,260,Adama Traoré,€25.50m,ESP,MF,FW,Wolves,Premier Leauge,23,37,26,2442,4,10,0,0,0,0,0,15,0,37,0,52,14,0,0,41,10,0,24,39,1,51,0,37,0,1,0,4,41,24,11,38,5,415,103,24,82,30,4,26,20,22,621,931,66,7,1365,143,196,72,96,147
261,262,Adama Traoré,€25.50m,MLI,MF,FW,Metz,Ligue1,24,21,15,1247,1,5,0,0,1,0,0,07,0,36,0,43,6,0,0,23,5,7,21,74,1,66,0,36,0,04,0,2,7,4,3,28,6,222,46,20,72,16,3,13,8,8,487,603,80,76,752,34,45,75,56,34
262,264,Corentin Tolisso,€25.50m,FRA,MF,Bayern Munich,Bundesliga,24,15,8,690,2,2,0,0,0,0,0,26,0,26,0,52,4,0,0,18,4,0,22,22,2,35,0,52,0,11,0,5,11,8,1,9,1,122,45,36,89,10,4,6,4,2,539,618,87,22,689,7,11,63,64,8
263,265,Adrien Rabiot,€25.50m,FRA,MF,Juventus,Serie A,24,34,26,2373,2,1,0,0,8,1,0,08,0,04,0,12,3,0,0,16,6,0,37,5,0,61,0,23,0,12,0,33,74,52,21,37,5,567,194,34,22,52,9,43,30,30,1724,1884,91,51,2183,47,65,72,31,48
264,266,Tiemoué Bakayoko,€25.50m,FRA,MF,Monaco,Ligue1,24,51,46,4020,2,3,0,0,10,2,0,04,0,07,0,11,5,0,0,49,15,0,30,61,1,1,0,34,0,04,0,13,150,109,43,43,8,986,293,29,72,63,11,52,79,71,2008,2314,86,78,2939,90,140,64,29,93
265,267,Iñigo Martínez,€25.50m,ESP,DF,Athletic Club,La Liga,28,62,62,5512,1,1,0,0,21,0,0,02,0,02,0,04,2,0,0,50,9,4,18,0,82,0,15,0,02,0,11,97,59,31,51,5,458,167,36,46,76,28,48,107,420,2162,2721,79,46,3460,11,16,68,75,11
266,268,Felipe,€25.50m,BRA,DF,Atlético Madrid,La Liga,30,39,35,2987,3,0,0,0,12,1,0,09,0,0,09,3,0,0,29,7,0,24,14,0,87,0,21,0,1,0,43,59,38,16,61,9,228,85,37,28,49,23,26,79,251,1013,1295,78,22,1723,6,8,75,6
267,269,Stefan Savic,€25.50m,,,,,,,,,,,,,,,,,,,,,,,,,,,,,,,,,,,,,,,,,,,,,,,,
268,270,Gonzalo Higuaín,€25.50m,ARG,FW,Juventus,Serie A,31,39,29,2578,11,4,0,0,2,0,0,38,0,14,0,52,15,0,0,109,40,0,36,7,3,81,1,4,0,1,0,28,17,13,4,12,451,106,23,5,23,2,21,6,16,682,843,80,9,1149,41,59,69,49,45
269,271,Gonzalo Higuaín,€25.50m,ARG,FW,Juventus,Serie A,,,,,,,,,,,,,,,,,,,,,,,,,,,,,,,,,,,,,,,,,,,,
270,272,Gabriel Martinelli,€25.00m,,,,,,,,,,,,,,,,,,,,,,,,,,,,,,,,,,,,,,,,,,,,,,,,
271,273,Moise Kean,€25.00m,ITA,MF,FW,Everton,Premier Leauge,19,37,10,1241,7,2,0,0,3,0,0,51,0,15,0,66,9,0,0,43,19,0,44,19,3,12,1,38,0,16,0,37,8,7,0,0,169,44,26,04,7,3,4,8,5,163,214,76,17,412,32,61,52,46,34
272,274,Donyell Malen,€25.00m,,,,,,,,,,,,,,,,,,,,,,,,,,,,,,,,,,,,,,,,,,,,,,,,
273,275,Patrik Schick,€25.00m,CZE,FW,RB Leipzig,Bundesliga,23,46,30,2612,13,2,0,0,7,0,0,45,0,07,0,52,15,0,0,83,32,1,38,55,2,86,1,1,0,16,0,41,16,9,2,8,3,551,131,23,77,36,6,30,4,30,427,600,71,17,1000,36,68,52,94,40
274,276,Marco Reus,€25.00m,GER,MF,FW,Dortmund,Bundesliga,30,46,45,3811,28,13,4,4,4,1,0,66,0,31,0,97,41,1,1,112,53,3,47,32,2,64,1,25,0,25,0,53,70,51,10,20,1060,276,26,04,54,6,48,16,42,1393,1717,81,13,2287,60,114,52,63,66
275,277,Ismaïla Sarr,€24.50m,,,,,,,,,,,,,,,,,,,,,,,,,,,,,,,,,,,,,,,,,,,,,,,,
276,278,Boubakary Soumaré,€24.50m,,,,,,,,,,,,,,,,,,,,,,,,,,,,,,,,,,,,,,,,,,,,,,,,
277,279,Nikola Milenkovic,€24.00m,,,,,,,,,,,,,,,,,,,,,,,,,,,,,,,,,,,,,,,,,,,,,,,,
278,280,Wesley,€24.00m,,,,,,,,,,,,,,,,,,,,,,,,,,,,,,,,,,,,,,,,,,,,,,,,
279,281,Amine Harit,€24.00m,MAR,MF,FW,Schalke 04,Bundesliga,22,43,36,3184,7,5,1,1,4,0,0,2,0,14,0,34,12,1,1,40,16,0,40,1,13,0,45,0,18,0,44,30,20,10,20,576,156,27,08,30,2,28,17,8,1109,1354,81,91,1818,97,142,68,31,102
280,282,Igor Zubeldia,€24.00m,,,,,,,,,,,,,,,,,,,,,,,,,,,,,,,,,,,,,,,,,,,,,,,,
281,283,Cengiz Ünder,€24.00m,TUR,FW,Roma,Serie A,22,42,26,2168,6,7,0,0,3,0,0,25,0,29,0,54,13,0,0,67,21,0,31,34,2,78,0,87,0,09,0,29,19,12,7,23,1,356,80,22,47,23,2,21,18,10,646,900,71,78,1210,59,95,62,11,62
282,284,Mikel Merino,€24.00m,ESP,MF,Real Sociedad,La Liga,23,59,53,4654,7,4,0,0,18,1,0,14,0,08,0,22,11,0,0,60,20,0,33,33,1,16,0,39,0,12,0,35,116,90,35,28,8,1197,303,25,31,91,9,82,77,101,2203,2818,78,18,3486,58,94,61,7,63
283,285,Dominic Calvert-Lewin,€24.00m,ENG,FW,Everton,Premier Leauge,22,65,44,3962,19,3,0,0,10,0,0,43,0,07,0,5,22,0,0,128,50,0,39,06,2,91,1,14,0,15,0,38,27,19,8,18,8,819,227,27,72,48,11,37,11,41,627,959,65,38,1584,37,75,49,33,42
284,286,David Brooks,€24.00m,,,,,,,,,,,,,,,,,,,,,,,,,,,,,,,,,,,,,,,,,,,,,,,,
285,287,Yeray Álvarez,€24.00m,ESP,DF,Athletic Club,La Liga,24,60,60,5313,0,0,0,0,12,0,0,0,0,0,0,0,22,5,0,22,73,0,37,0,08,0,0,89,58,30,42,9,407,148,36,36,100,36,64,123,476,2104,2573,81,77,3351,14,18,77,78,15
286,288,Ayoze Pérez,€24.00m,ESP,MF,FW,Leicester City,Premier Leauge,26,64,55,4526,19,6,1,1,2,0,0,38,0,12,0,5,25,1,1,90,42,0,46,67,1,79,0,84,0,21,0,45,97,63,26,26,4,1431,333,23,27,99,10,89,54,45,1107,1444,76,66,2220,102,158,64,56,109
287,289,Rafa Silva,€24.00m,,,,,,,,,,,,,,,,,,,,,,,,,,,,,,,,,,,,,,,,,,,,,,,,
288,290,Djené,€24.00m,TOG,DF,Getafe,La Liga,27,62,62,5496,0,0,0,0,18,2,0,0,0,0,0,0,15,2,0,13,33,0,25,0,03,0,0,94,60,26,47,4,606,221,36,47,58,15,43,104,393,1282,1753,73,13,2422,30,36,83,33,32
289,291,Stefano Sensi,€24.00m,ITA,MF,FW,Inter,Serie A,23,40,32,2695,5,6,0,0,10,0,0,17,0,2,0,37,11,0,0,66,18,4,27,27,2,2,0,6,0,08,0,28,55,45,16,26,9,552,168,30,43,58,9,49,40,18,1644,1966,83,62,2341,43,65,66,15,46
290,292,Thomas Lemar,€24.00m,FRA,MF,Atlético Madrid,La Liga,23,51,32,2717,2,3,0,0,6,0,0,07,0,1,0,17,5,0,0,35,13,2,37,14,1,16,0,43,0,06,0,15,42,24,16,33,3,822,157,19,1,53,1,52,28,7,1122,1396,80,37,1765,81,120,67,5,83
291,293,Oleksandr Zinchenko,€24.00m,UKR,DF,Manchester City,Premier Leauge,22,28,25,2179,0,3,0,0,3,1,0,0,12,0,12,3,0,0,21,4,0,19,05,0,87,0,17,0,0,55,31,26,41,9,302,96,31,79,34,3,31,36,56,2258,2519,89,64,2744,12,26,46,15,13
292,294,Ruben Loftus-Cheek,€24.00m,,,,,,,,,,,,,,,,,,,,,,,,,,,,,,,,,,,,,,,,,,,,,,,,
293,295,André Silva,€24.00m,POR,FW,Eint Frankfurt,Bundesliga,23,52,41,3734,21,3,1,1,5,0,0,51,0,07,0,58,24,1,1,115,47,0,40,87,2,77,1,13,0,18,0,45,16,12,3,12,5,641,190,29,64,38,2,36,10,32,739,1034,71,47,1540,35,82,42,68,39
294,296,Andreas Christensen,€24.00m,DEN,DF,Chelsea,Premier Leauge,23,26,24,2143,0,0,0,0,6,0,0,0,0,0,0,0,7,2,0,28,57,0,29,0,08,0,0,50,24,14,50,202,72,35,64,27,10,17,31,131,1480,1596,92,73,1836,2,2,100,2
295,297,Jonathan Tah,€24.00m,GER,DF,Leverkusen,Bundesliga,23,58,55,5029,3,2,0,0,7,1,0,05,0,04,0,09,5,0,0,17,5,0,29,41,0,3,0,09,0,18,0,6,84,36,24,40,7,452,149,32,96,95,40,55,72,314,4048,4494,90,08,5090,27,30,90,28
296,298,Ante Rebic,€24.00m,,,,,,,,,,,,,,,,,,,,,,,,,,,,,,,,,,,,,,,,,,,,,,,,
297,299,Emerson,€24.00m,BRA,DF,Betis,La Liga,20,34,32,2775,3,5,0,0,11,0,0,1,0,16,0,26,8,0,0,26,5,0,19,23,0,84,0,16,0,12,0,6,85,51,26,34,8,503,128,25,45,63,9,54,36,78,1285,1605,80,06,2027,19,42,45,24,21
298,300,Yussuf Poulsen,€24.00m,DEN,FW,RB Leipzig,Bundesliga,25,53,39,3673,20,9,0,0,4,0,0,49,0,22,0,71,29,0,0,100,38,0,38,2,45,0,93,0,2,0,53,32,25,9,27,3,1125,283,25,16,52,8,44,12,37,741,1149,64,49,1776,45,91,49,45,47
299,301,Danilo Pereira,€24.00m,,,,,,,,,,,,,,,,,,,,,,,,,,,,,,,,,,,,,,,,,,,,,,,,
300,302,Idrissa Gueye,€24.00m,,,,,,,,,,,,,,,,,,,,,,,,,,,,,,,,,,,,,,,,,,,,,,,,
301,303,Kerem Demirbay,€24.00m,GER,MF,Leverkusen,Bundesliga,26,51,42,3590,5,14,0,0,10,1,0,13,0,35,0,48,19,0,0,87,24,1,27,59,2,18,0,6,0,06,0,21,82,58,18,28,6,719,226,31,43,66,13,53,43,43,2043,2634,77,56,3136,91,127,71,65,95
302,304,Callum Wilson,€24.00m,ENG,FW,Bournemouth,Premier Leauge,27,60,57,5055,22,9,1,2,13,0,0,39,0,16,0,55,31,0,0,106,46,0,43,4,1,89,0,82,0,21,0,48,24,19,2,7,1,1274,321,25,2,27,5,22,9,28,616,907,67,92,1505,44,88,50,50
303,305,Willian José,€24.00m,BRA,FW,Real Sociedad,La Liga,27,62,49,4050,20,6,5,7,9,1,0,44,0,13,0,57,26,0,0,97,36,1,37,11,2,16,0,8,0,21,0,56,8,6,3,0,498,150,30,12,26,11,15,1,42,934,1275,73,25,1721,30,60,50,33
304,306,Emre Can,€24.00m,GER,MF,DF,Dortmund,Bundesliga,25,41,30,2766,6,1,1,1,12,0,0,2,0,03,0,23,7,0,0,48,12,0,25,1,56,0,39,0,12,0,5,98,76,41,60,648,197,30,4,67,19,48,49,60,1541,1765,87,31,2141,42,60,70,46
305,307,Emre Can,€24.00m,GER,MF,Juventus,Serie A,25,37,22,2095,4,1,1,1,9,0,0,17,0,04,0,21,5,0,0,39,10,0,25,64,1,68,0,43,0,1,0,4,83,62,33,36,4,583,162,27,79,60,14,46,33,39,1032,1190,86,72,1483,34,45,75,56,36
306,308,Granit Xhaka,€24.00m,SUI,MF,Arsenal,Premier Leauge,26,54,54,4589,5,3,0,0,17,0,0,1,0,06,0,16,8,0,0,41,14,0,34,15,0,8,0,27,0,12,0,36,104,62,43,36,7,817,244,29,87,82,21,61,49,137,3364,3979,84,54,4475,37,48,77,08,37
307,309,Mário Fernandes,€24.00m,,,,,,,,,,,,,,,,,,,,,,,,,,,,,,,,,,,,,,,,,,,,,,,,
308,310,Thomas Meunier,€24.00m,BEL,DF,Paris S-G,Ligue1,27,38,33,2852,3,4,0,0,5,0,0,09,0,13,0,22,7,0,0,24,8,0,33,33,0,76,0,25,0,12,0,38,73,42,30,46,9,452,143,31,64,62,7,55,38,49,1596,1910,83,56,2181,21,39,53,85,25
309,311,Julian Draxler,€24.00m,GER,MF,Paris S-G,Ligue1,25,42,29,2732,3,11,0,0,11,0,0,1,0,36,0,46,14,0,0,45,22,0,48,89,1,48,0,72,0,07,0,14,47,29,19,35,7,486,124,25,51,34,3,31,25,5,1852,2095,88,4,2369,69,92,75,72
310,312,Douglas Costa,€24.00m,BRA,MF,FW,Juventus,Serie A,28,34,13,1215,2,4,0,0,3,1,0,15,0,3,0,45,6,0,0,34,11,0,32,35,2,52,0,81,0,06,0,18,11,10,6,12,5,258,61,23,64,13,0,13,10,3,575,736,78,12,933,59,104,56,73,65
311,313,César Azpilicueta,€24.00m,ESP,DF,Chelsea,Premier Leauge,29,68,68,6091,3,10,0,0,4,0,0,04,0,15,0,19,13,0,0,40,13,0,32,5,0,59,0,19,0,08,0,23,185,113,62,52,3,1106,327,29,57,145,34,111,101,220,4357,5259,82,85,6001,29,47,61,7,32
312,314,Toby Alderweireld,€24.00m,BEL,DF,Tottenham,Premier Leauge,30,61,60,5339,1,2,0,0,7,0,0,02,0,03,0,05,3,0,0,29,10,0,34,48,0,49,0,17,0,03,0,1,77,43,21,35,3,435,148,34,02,116,56,60,48,359,3430,3979,86,2,4585,2,6,33,33,2
313,315,Mats Hummels,€24.00m,GER,DF,Dortmund,Bundesliga,30,52,51,4356,2,4,0,0,9,1,0,04,0,08,0,12,6,0,0,42,10,0,23,81,0,87,0,21,0,05,0,2,91,60,30,43,2,403,168,41,69,77,27,50,98,245,3526,3967,88,88,4485,14,18,77,78,16
314,316,Florian Neuhaus,€23.00m,GER,MF,M'gladbach,Bundesliga,22,62,51,4418,7,10,0,0,11,0,0,14,0,2,0,34,17,0,0,108,33,3,30,56,2,2,0,67,0,06,0,21,75,44,22,25,913,248,27,16,71,6,65,35,39,1797,2182,82,36,2738,77,122,63,11,83
315,317,Reinier,€22.50m,,,,,,,,,,,,,,,,,,,,,,,,,,,,,,,,,,,,,,,,,,,,,,,,
316,318,Gabriel Veron,€22.50m,,,,,,,,,,,,,,,,,,,,,,,,,,,,,,,,,,,,,,,,,,,,,,,,
317,319,Jonathan David,€22.50m,,,,,,,,,,,,,,,,,,,,,,,,,,,,,,,,,,,,,,,,,,,,,,,,
318,320,William Saliba,€22.50m,,,,,,,,,,,,,,,,,,,,,,,,,,,,,,,,,,,,,,,,,,,,,,,,
319,321,Reece James,€22.50m,ENG,DF,Chelsea,Premier Leauge,19,18,11,1070,0,2,0,0,1,0,0,0,17,0,17,2,0,0,15,2,0,13,33,1,26,0,17,0,0,31,17,12,54,5,196,46,23,47,34,6,28,18,30,815,968,84,19,1135,26,35,74,29,27
320,322,Lucas Paquetá,€22.50m,BRA,MF,Milan,Serie A,21,33,22,1790,1,2,0,0,10,1,0,05,0,1,0,15,3,0,0,47,19,0,40,43,2,36,0,96,0,02,0,05,54,40,10,31,523,134,25,62,30,4,26,12,24,706,910,77,58,1236,45,72,62,5,46
321,323,Jules Koundé,€22.50m,FRA,DF,Sevilla,La Liga,20,62,58,5279,1,2,0,0,9,0,0,02,0,03,0,05,3,0,0,33,7,0,21,21,0,56,0,12,0,03,0,14,69,37,31,58,8,467,170,36,4,88,35,53,67,311,2690,3226,83,38,3818,37,43,86,05,40
322,324,Marash Kumbulla,€22.50m,ALB,DF,Hellas Verona,Serie A,19,21,21,1681,1,0,0,0,7,1,0,05,0,0,05,1,0,0,10,5,0,50,0,54,0,27,0,1,0,2,50,35,21,56,8,313,109,34,82,34,20,14,37,98,709,832,85,22,1049,4,6,66,67,4
323,325,Evan N'Dicka,€22.50m,,,,,,,,,,,,,,,,,,,,,,,,,,,,,,,,,,,,,,,,,,,,,,,,
324,326,Alexander Isak,€22.50m,SWE,FW,Real Sociedad,La Liga,19,32,11,1282,7,1,0,0,3,0,0,49,0,07,0,56,8,0,0,39,19,0,48,72,2,74,1,33,0,18,0,37,7,5,1,12,5,215,60,27,91,7,1,6,3,6,185,249,74,3,418,18,34,52,94,20
325,327,Justin Kluivert,€22.50m,NED,FW,Roma,Serie A,20,48,32,2759,5,7,0,0,8,1,0,16,0,23,0,39,12,0,0,55,19,0,34,55,1,79,0,62,0,09,0,26,47,31,18,33,3,537,141,26,26,47,0,47,14,11,740,948,78,06,1337,56,112,50,62
326,328,Jeff Reine-Adélaïde,€22.50m,FRA,MF,FW,Lyon,Ligue1,21,49,40,3339,5,4,0,1,5,0,0,13,0,11,0,24,9,0,0,39,18,0,46,15,1,05,0,49,0,13,0,28,53,32,15,36,4,767,167,21,77,36,0,36,27,7,1309,1551,84,4,2049,145,215,67,44,156
327,329,Jeff Reine-Adélaïde,€22.50m,FRA,MF,Angers,Ligue1,21,,,,,,,,,,,,,,0,0,,,0,,,,,,,,,0,,,,,,,,,,,,,,,,
328,330,Daniel James,€22.50m,WAL,FW,Manchester Utd,Premier Leauge,21,30,26,2252,3,6,0,0,4,0,0,12,0,24,0,36,9,0,0,41,19,0,46,34,1,64,0,76,0,07,0,16,25,15,6,13,3,564,143,25,35,37,4,33,8,9,581,796,72,99,1075,28,63,44,44,30
329,331,Scott McTominay,€22.50m,SCO,MF,Manchester Utd,Premier Leauge,22,39,28,2540,6,1,0,0,3,0,0,21,0,04,0,25,7,0,0,45,16,0,35,56,1,59,0,57,0,13,0,38,64,42,22,42,9,381,106,27,82,49,11,38,44,70,1134,1376,82,41,1758,32,54,59,26,38
330,332,Gianluca Mancini,€22.50m,ITA,DF,MF,Roma,Serie A,23,54,48,4312,6,2,0,0,17,1,0,13,0,04,0,17,8,0,0,55,15,0,27,27,1,15,0,31,0,11,0,4,97,69,31,35,1,657,203,30,9,71,19,52,97,188,2348,2707,86,74,3218,21,24,87,5,21
331,333,Tyrone Mings,€22.50m,ENG,DF,Aston Villa,Premier Leauge,26,32,29,2505,2,1,0,0,6,0,0,07,0,04,0,11,3,0,0,8,4,0,50,0,29,0,14,0,25,0,5,26,17,11,62,5,157,62,39,49,67,53,14,37,188,1011,1263,80,05,1598,12,15,80,14
332,334,Gonçalo Guedes,€22.50m,POR,MF,FW,Valencia,La Liga,22,41,28,2415,6,5,0,0,3,0,0,22,0,19,0,41,11,0,0,52,21,0,40,38,1,94,0,78,0,12,0,29,52,36,20,24,499,119,23,85,30,1,29,14,4,726,1010,71,88,1364,83,124,66,94,88
333,335,André Gomes,€22.50m,,,,,,,,,,,,,,,,,,,,,,,,,,,,,,,,,,,,,,,,,,,,,,,,
334,336,Jean-Philippe Gbamin,€22.50m,,,,,,,,,,,,,,,,,,,,,,,,,,,,,,,,,,,,,,,,,,,,,,,,
335,337,Morgan Sanson,€22.50m,FRA,MF,Marseille,Ligue1,24,60,53,4576,10,7,0,0,14,0,0,2,0,14,0,34,17,0,0,76,23,0,30,26,1,49,0,45,0,13,0,43,126,90,31,21,4,1537,422,27,46,83,6,77,65,10,1847,2279,81,04,2944,88,139,63,31,93
336,338,Leander Dendoncker,€22.50m,BEL,MF,DF,Wolves,Premier Leauge,24,51,45,3919,5,0,0,0,5,0,0,11,0,0,11,5,0,0,34,13,0,38,24,0,78,0,3,0,15,0,38,108,71,35,38,6,1041,285,27,38,91,18,73,58,120,1471,1763,83,44,2233,29,34,85,29,29
337,339,Matteo Politano,€22.50m,ITA,FW,Napoli,Serie A,25,42,35,2901,5,7,0,0,5,1,0,16,0,22,0,38,12,0,0,89,24,0,26,97,2,76,0,74,0,06,0,21,25,13,6,0,548,122,22,26,31,2,29,19,8,1222,1677,72,87,2055,55,96,57,29,61
338,340,Matteo Politano,€22.50m,ITA,FW,Inter,Serie A,25,,,,,,,,,,,,,,0,0,,,2,,,,,,,,6,0,,,,,,,,,,,,,,,,
339,341,Yannick Carrasco,€22.50m,BEL,MF,FW,Atlético Madrid,La Liga,25,11,4,430,1,0,0,0,2,0,0,21,0,0,21,1,0,0,11,5,0,45,45,2,3,1,05,0,09,0,2,9,4,4,30,8,120,29,24,17,8,0,8,4,1,132,174,75,86,270,16,28,57,14,17
340,342,Geoffrey Kondogbia,€22.50m,CTA,MF,Valencia,La Liga,26,41,32,2814,2,1,0,0,5,0,0,06,0,03,0,09,3,0,0,33,6,0,18,18,1,06,0,19,0,06,0,33,102,75,24,39,750,195,26,65,17,48,74,78,1420,1677,84,68,2064,35,45,77,78,35
341,343,Emil Forsberg,€22.50m,SWE,MF,FW,RB Leipzig,Bundesliga,27,42,28,2390,9,9,5,5,1,0,0,34,0,34,0,68,18,2,2,50,19,3,38,1,88,0,72,0,18,0,47,33,18,13,26,9,501,156,31,14,32,1,31,8,11,834,1069,78,02,1368,48,69,69,57,50
342,344,Gylfi Sigurdsson,€22.50m,,,,,,,,,,,,,,,,,,,,,,,,,,,,,,,,,,,,,,,,,,,,,,,,
343,345,Willian,€22.50m,BRA,FW,Chelsea,Premier Leauge,30,63,50,4294,11,11,3,3,6,0,0,23,0,23,0,46,22,3,3,119,42,5,35,29,2,49,0,88,0,09,0,26,75,49,17,22,2,985,280,28,43,40,1,39,32,18,2174,2789,77,95,3370,95,141,67,38,102
344,346,Edmond Tapsoba,€22.00m,,,,,,,,,,,,,,,,,,,,,,,,,,,,,,,,,,,,,,,,,,,,,,,,
345,347,Matheus Cunha,€22.00m,BRA,MF,FW,Hertha BSC,Bundesliga,20,36,18,1597,8,0,0,0,4,0,0,45,0,0,45,8,0,0,69,26,1,37,68,3,89,1,47,0,12,0,31,19,14,5,36,4,429,110,25,64,32,2,30,13,9,281,410,68,54,692,54,70,77,14,58
346,348,Matheus Cunha,€22.00m,BRA,MF,FW,RB Leipzig,Bundesliga,20,,,,,,,,,,,,,,0,0,,,0,,,,,,,,,0,,,,,,,,,,,,,,,,
347,349,Milot Rashica,€22.00m,KVX,FW,Werder Bremen,Bundesliga,23,54,46,3814,17,10,3,4,3,0,0,4,0,24,0,64,27,2,3,128,50,5,39,06,3,02,1,18,0,13,0,34,46,30,16,22,2,882,233,26,42,50,5,45,12,18,785,1214,64,66,1854,104,178,58,43,111
348,350,Krzysztof Piatek,€21.50m,,,,,,,,,,,,,,,,,,,,,,,,,,,,,,,,,,,,,,,,,,,,,,,,
349,351,Ross Barkley,€21.50m,ENG,MF,Chelsea,Premier Leauge,25,43,23,2090,3,8,0,0,1,0,0,13,0,34,0,47,11,0,0,71,18,3,25,35,3,06,0,78,0,04,0,17,26,20,8,20,399,99,24,81,23,2,21,16,26,1347,1507,89,38,1816,45,61,73,77,46
350,352,Pizzi,€21.50m,,,,,,,,,,,,,,,,,,,,,,,,,,,,,,,,,,,,,,,,,,,,,,,,
351,353,Axel Witsel,€21.50m,BEL,MF,Dortmund,Bundesliga,30,61,57,5118,8,6,0,0,6,0,0,14,0,11,0,25,14,0,0,66,19,0,28,79,1,16,0,33,0,12,0,42,96,61,28,32,3,729,214,29,36,77,12,65,80,71,3947,4213,93,69,4734,51,62,82,26,54
352,354,Nahitan Nández,€21.00m,URU,MF,Cagliari,Serie A,23,27,24,2178,2,3,0,0,12,0,0,08,0,12,0,2,5,0,0,16,6,0,37,5,0,66,0,25,0,12,0,33,52,36,18,30,5,522,117,22,41,26,2,24,14,27,736,978,75,26,1241,36,55,65,45,38
353,355,Mohamed Ihattaren,€20.00m,,,,,,,,,,,,,,,,,,,,,,,,,,,,,,,,,,,,,,,,,,,,,,,,
354,356,Lisandro Martínez,€20.00m,,,,,,,,,,,,,,,,,,,,,,,,,,,,,,,,,,,,,,,,,,,,,,,,
355,357,Max Aarons,€20.00m,ENG,DF,Norwich City,Premier Leauge,19,30,30,2700,0,1,0,0,7,0,0,0,03,0,03,1,0,0,13,3,0,23,08,0,43,0,1,0,0,56,31,19,46,3,435,120,27,59,78,27,51,25,71,1144,1466,78,04,1857,43,85,50,59,48
356,358,Bukayo Saka,€20.00m,ENG,WB,Arsenal,Premier Leauge,17,22,15,1452,0,4,0,0,5,0,0,0,25,0,25,4,0,0,9,2,0,22,22,0,56,0,12,0,0,36,20,13,39,4,256,76,29,69,21,4,17,8,19,594,754,78,78,947,30,45,66,67,30
357,359,Youcef Atal,€20.00m,,,,,,,,,,,,,,,,,,,,,,,,,,,,,,,,,,,,,,,,,,,,,,,,
358,360,Júnior Firpo,€20.00m,,,,,,,,,,,,,,,,,,,,,,,,,,,,,,,,,,,,,,,,,,,,,,,,
359,361,Riccardo Orsolini,€20.00m,ITA,FW,Bologna,Serie A,22,64,46,4197,16,9,0,0,5,0,0,34,0,19,0,53,25,0,0,139,53,7,38,13,2,98,1,14,0,12,0,3,62,42,21,23,9,887,222,25,03,69,6,63,31,50,1041,1695,61,42,2426,95,192,49,48,110
360,362,Rafael Leão,€20.00m,POR,FW,Milan,Serie A,20,48,26,2429,12,3,0,0,3,0,0,44,0,11,0,55,15,0,0,69,31,0,44,93,2,56,1,15,0,17,0,39,14,7,4,28,6,426,84,19,72,23,4,19,4,13,467,646,72,29,928,45,66,68,18,49
361,363,André Zambo Anguissa,€20.00m,,,,,,,,,,,,,,,,,,,,,,,,,,,,,,,,,,,,,,,,,,,,,,,,
362,364,Nordi Mukiele,€20.00m,FRA,DF,RB Leipzig,Bundesliga,21,44,35,3008,4,2,0,0,4,0,0,12,0,06,0,18,6,0,0,29,9,0,31,03,0,87,0,27,0,14,0,44,99,54,39,52,3,494,178,36,03,56,7,49,73,130,1513,2006,75,42,2458,34,57,59,65,36
363,365,Joelinton,€20.00m,BRA,FW,Newcastle Utd,Premier Leauge,22,60,55,4565,9,7,0,0,12,0,0,18,0,14,0,32,16,0,0,105,38,0,36,19,2,07,0,75,0,09,0,24,65,36,26,30,1036,236,22,78,60,11,49,24,32,1172,1458,80,38,2211,93,151,61,59,103
364,366,Sander Berge,€20.00m,NOR,MF,Sheffield Utd,Premier Leauge,21,7,5,386,0,0,0,0,0,0,0,0,0,0,0,0,2,1,0,50,0,47,0,23,0,0,14,9,2,28,6,151,37,24,5,18,0,18,7,10,174,233,74,68,300,7,9,77,78,7
365,367,Weston McKennie,€20.00m,USA,MF,DF,Schalke 04,Bundesliga,20,52,43,3820,4,4,0,0,14,0,0,09,0,09,0,18,8,0,0,54,12,0,22,22,1,27,0,28,0,07,0,33,77,51,28,36,8,922,243,26,36,83,22,61,83,122,1329,1760,75,51,2301,43,74,58,11,48
366,368,Todd Cantwell,€20.00m,ENG,MF,FW,Norwich City,Premier Leauge,21,32,27,2209,6,2,0,0,4,0,0,24,0,08,0,32,8,0,0,38,16,0,42,11,1,55,0,65,0,16,0,38,43,27,16,24,2,522,137,26,25,53,4,49,15,32,817,1024,79,79,1396,50,86,58,14,54
367,369,Gaetano Castrovilli,€20.00m,ITA,MF,Fiorentina,Serie A,22,27,27,2255,3,2,0,0,9,0,0,12,0,08,0,2,5,0,0,38,10,1,26,32,1,52,0,4,0,08,0,3,62,40,12,26,7,601,155,25,79,47,3,44,16,22,769,954,80,61,1357,85,121,70,25,90
368,370,Kieran Tierney,€20.00m,,,,,,,,,,,,,,,,,,,,,,,,,,,,,,,,,,,,,,,,,,,,,,,,
369,371,Franck Kessié,€20.00m,CIV,MF,Milan,Serie A,22,60,58,5129,9,3,4,4,11,0,0,16,0,05,0,21,12,1,1,74,16,0,21,62,1,3,0,28,0,12,0,56,103,75,33,25,1099,313,28,48,80,15,65,55,91,2556,2933,87,15,3544,67,101,66,34,72
370,372,Mauro Arambarri,€20.00m,URU,MF,Getafe,La Liga,23,62,60,5219,2,3,0,0,17,1,0,03,0,05,0,08,5,0,0,67,15,4,22,39,1,16,0,26,0,03,0,13,137,97,41,34,1550,373,24,06,116,10,106,69,76,1107,1633,67,79,2278,63,83,75,9,68
371,373,Yerry Mina,€20.00m,COL,DF,Everton,Premier Leauge,24,39,33,3001,3,1,0,0,6,0,0,09,0,03,0,12,4,0,0,33,11,0,33,33,0,99,0,33,0,09,0,27,57,30,17,52,304,93,30,59,50,21,29,34,229,1379,1617,85,28,2033,3,5,60,4
372,374,Manuel Akanji,€20.00m,SUI,DF,Dortmund,Bundesliga,24,54,50,4514,1,1,0,0,3,0,0,02,0,02,0,04,2,0,0,19,4,0,21,05,0,38,0,08,0,05,0,25,78,48,22,56,7,382,146,38,22,62,23,39,61,187,3465,3757,92,23,4196,16,23,69,57,17
373,375,Sergio Reguilón,€20.00m,ESP,DF,Sevilla,La Liga,22,40,38,3257,1,6,0,0,11,0,0,03,0,17,0,2,7,0,0,31,6,0,19,35,0,86,0,17,0,03,0,17,74,47,34,50,9,523,149,28,49,62,10,52,54,115,1831,2275,80,48,2732,49,83,59,04,55
374,376,Mario Hermoso,€20.00m,ESP,DF,Atlético Madrid,La Liga,24,48,45,3967,3,0,0,0,10,0,0,07,0,0,07,3,0,0,30,13,0,43,33,0,68,0,29,0,1,0,23,45,33,22,40,253,80,31,62,63,30,33,50,286,1856,2231,83,19,2690,15,18,83,33,15
375,377,Angeliño,€20.00m,ESP,DF,RB Leipzig,Bundesliga,22,13,12,1095,1,2,0,0,2,0,0,08,0,16,0,24,3,0,0,5,2,0,40,0,41,0,16,0,2,0,5,14,8,7,35,129,52,40,31,35,1,34,19,24,573,758,75,59,891,21,27,77,78,22
376,378,Nemanja Maksimovic,€20.00m,,,,,,,,,,,,,,,,,,,,,,,,,,,,,,,,,,,,,,,,,,,,,,,,
377,379,Robin Gosens,€20.00m,GER,DF,Atalanta,Serie A,25,53,46,3871,11,7,0,0,4,0,0,26,0,16,0,42,18,0,0,68,27,0,39,71,1,58,0,63,0,16,0,41,110,60,44,33,3,571,186,32,57,99,10,89,66,84,1856,2427,76,47,2965,41,85,48,24,49
378,380,Allan Saint-Maximin,€20.00m,FRA,MF,FW,Newcastle Utd,Premier Leauge,22,55,52,4397,8,7,1,2,2,0,0,16,0,14,0,3,15,0,0,110,33,0,30,2,25,0,68,0,07,0,24,26,16,5,18,2,544,126,23,16,36,3,33,14,9,1009,1372,73,54,2127,255,394,64,72,277
379,381,Aleksandr Golovin,€20.00m,RUS,MF,Monaco,Ligue1,23,55,51,4351,6,7,0,0,13,2,0,12,0,14,0,26,13,0,0,87,29,1,33,33,1,8,0,6,0,07,0,21,91,61,26,21,6,1298,324,24,96,75,2,73,48,25,1761,2276,77,37,2835,98,151,64,9,104
380,382,Jefferson Lerma,€20.00m,COL,MF,Bournemouth,Premier Leauge,24,57,54,4678,3,2,0,0,23,1,0,06,0,04,0,1,5,0,0,59,10,0,16,95,1,14,0,19,0,05,0,3,113,76,37,48,1,1007,269,26,71,91,29,62,101,137,2290,2776,82,49,3353,50,64,78,12,52
381,383,Suat Serdar,€20.00m,GER,MF,Schalke 04,Bundesliga,22,46,39,3328,9,1,0,0,6,2,0,24,0,03,0,27,10,0,0,65,23,0,35,38,1,76,0,62,0,14,0,39,121,81,26,25,4,837,248,29,63,74,12,62,50,18,719,960,74,9,1499,81,134,60,45,89
382,384,Gelson Martins,€20.00m,POR,WB,Monaco,Ligue1,,,,,,,,,,,,,,,,,,,,,,,,,,,,,,,,,,,,,,,,,,,,
383,385,Gelson Martins,€20.00m,POR,WB,Monaco,Ligue1,24,37,36,3063,8,3,0,0,4,1,0,24,0,09,0,33,11,0,0,57,26,0,45,61,1,67,0,76,0,14,0,31,57,42,13,22,7,596,164,27,52,28,3,25,26,13,1014,1316,77,05,1740,90,156,57,69,95
384,386,Rodrigo de Paul,€20.00m,,,,,,,,,,,,,,,,,,,,,,,,,,,,,,,,,,,,,,,,,,,,,,,,
385,387,Diego Llorente,€20.00m,ESP,DF,Real Sociedad,La Liga,25,44,42,3637,0,1,0,0,12,1,0,0,02,0,02,1,0,0,15,3,0,20,0,37,0,07,0,0,57,38,28,47,8,326,119,36,5,55,22,33,47,237,2154,2472,87,14,2893,9,12,75,9
386,388,Duje Caleta-Car,€20.00m,,,,,,,,,,,,,,,,,,,,,,,,,,,,,,,,,,,,,,,,,,,,,,,,
387,389,Thomas Strakosha,€20.00m,,,,,,,,,,,,,,,,,,,,,,,,,,,,,,,,,,,,,,,,,,,,,,,,
388,390,Bryan Cristante,€20.00m,ITA,MF,Roma,Serie A,24,52,39,3569,5,6,0,0,13,1,0,13,0,15,0,28,11,0,0,63,17,0,26,98,1,59,0,43,0,08,0,29,88,54,31,34,8,1084,252,23,25,70,8,62,45,69,1785,2163,82,52,2590,49,63,77,78,50
389,391,Florian Grillitsch,€20.00m,AUT,MF,DF,Hoffenheim,Bundesliga,23,61,55,4802,0,6,0,0,11,0,0,0,11,0,11,6,0,0,50,12,0,24,0,94,0,22,0,0,139,90,45,42,6,934,281,30,09,104,15,89,121,116,2870,3317,86,52,3949,43,63,68,25,43
390,392,Eric Dier,€20.00m,ENG,MF,DF,Tottenham,Premier Leauge,25,36,30,2580,3,2,0,0,8,0,0,1,0,07,0,17,5,0,0,16,4,0,25,0,56,0,14,0,19,0,75,50,26,13,27,3,454,128,28,19,58,21,37,35,108,1499,1819,82,41,2112,6,11,54,55,6
391,393,James Tarkowski,€20.00m,ENG,DF,Burnley,Premier Leauge,26,67,67,5966,4,2,0,0,17,0,0,06,0,03,0,09,6,0,0,39,10,0,25,64,0,59,0,15,0,1,0,4,140,87,50,51,1,527,169,32,07,162,97,65,93,550,1568,2194,71,47,3190,19,24,79,17,22
392,394,Leandro Paredes,€20.00m,ARG,MF,Paris S-G,Ligue1,25,33,22,2063,0,2,0,0,3,0,0,0,09,0,09,2,0,0,32,6,2,18,75,1,4,0,26,0,0,55,34,32,45,7,331,97,29,31,38,7,31,28,32,2024,2216,91,34,2409,21,24,87,5,21
393,395,Jordan Veretout,€20.00m,FRA,MF,Roma,Serie A,26,59,57,5035,7,3,7,8,17,1,0,13,0,05,0,18,10,2,2,47,11,1,23,4,0,84,0,2,0,15,0,64,107,63,31,24,4,1059,295,27,86,82,9,73,66,83,2732,3346,81,65,3817,43,57,75,44,46
394,396,Remo Freuler,€20.00m,SUI,MF,Atalanta,Serie A,27,58,55,4719,4,8,0,0,6,0,0,08,0,15,0,23,12,0,0,43,12,0,27,91,0,82,0,23,0,09,0,33,152,110,59,29,3,1264,396,31,33,124,16,108,60,78,3084,3504,88,01,4122,54,82,65,85,61
395,397,Gerard Deulofeu,€20.00m,ESP,FW,Watford,Premier Leauge,25,58,51,4164,14,10,1,1,6,0,0,3,0,22,0,52,24,1,1,125,45,8,36,2,7,0,97,0,11,0,31,39,29,17,19,7,1019,261,25,61,33,0,33,39,12,1183,1618,73,11,2201,107,179,59,78,115
396,398,Abdoulaye Doucouré,€20.00m,FRA,MF,Watford,Premier Leauge,26,66,64,5716,9,8,0,0,16,0,0,14,0,13,0,27,17,0,0,107,28,0,26,17,1,68,0,44,0,08,0,32,136,93,29,25,9,1586,406,25,6,89,15,74,59,83,2787,3420,81,49,4140,84,130,64,62,89
397,399,Jesús Corona,€20.00m,,,,,,,,,,,,,,,,,,,,,,,,,,,,,,,,,,,,,,,,,,,,,,,,
398,400,Michael Keane,€20.00m,,,,,,,,,,,,,,,,,,,,,,,,,,,,,,,,,,,,,,,,,,,,,,,,
399,401,Marcos Alonso,€20.00m,ESP,DF,Chelsea,Premier Leauge,28,45,43,3888,6,6,0,0,10,0,0,14,0,14,0,28,12,0,0,67,14,1,20,9,1,55,0,32,0,09,0,43,88,52,23,19,2,711,227,31,93,87,5,82,54,126,2560,3102,82,53,3650,29,49,59,18,32
400,402,Luka Milivojevic,€20.00m,,,,,,,,,,,,,,,,,,,,,,,,,,,,,,,,,,,,,,,,,,,,,,,,
401,403,Marcel Halstenberg,€20.00m,GER,DF,RB Leipzig,Bundesliga,27,57,55,4934,6,9,2,2,8,1,0,11,0,16,0,27,15,0,0,53,17,7,32,08,0,97,0,31,0,11,0,35,115,55,58,42,6,619,222,35,86,114,16,98,83,171,2776,3491,79,52,4089,53,79,67,09,55
402,404,Sergio Canales,€20.00m,ESP,MF,FW,Betis,La Liga,28,64,62,5458,13,7,5,6,9,0,0,21,0,12,0,33,20,3,4,103,36,3,34,95,1,7,0,59,0,13,0,36,75,65,20,20,6,842,193,22,92,75,6,69,21,23,3187,3822,83,39,4442,104,146,71,23,111
403,405,Dries Mertens,€20.00m,BEL,FW,Napoli,Serie A,32,58,36,3555,23,15,1,1,5,0,0,58,0,38,0,96,38,0,0,152,57,4,37,5,3,85,1,44,0,15,0,4,45,39,6,11,5,988,253,25,61,21,2,19,20,3,1122,1508,74,4,1925,41,87,47,13,45
404,406,Henrikh Mkhitaryan,€20.00m,ARM,MF,FW,Roma,Serie A,30,40,29,2608,12,7,0,0,4,0,0,41,0,24,0,65,19,0,0,75,24,0,32,2,59,0,83,0,16,0,5,50,36,12,25,589,135,22,92,47,4,43,25,18,1105,1389,79,55,1812,40,83,48,19,43
405,407,Aleksandar Mitrovic,€20.00m,,,,,,,,,,,,,,,,,,,,,,,,,,,,,,,,,,,,,,,,,,,,,,,,
406,408,Edinson Cavani,€20.00m,URU,FW,Paris S-G,Ligue1,32,35,27,2276,22,6,5,6,3,0,0,87,0,24,1,11,28,1,1,74,27,1,36,49,2,93,1,07,0,3,0,81,15,11,3,20,407,90,22,11,27,9,18,7,15,396,504,78,57,741,24,34,70,59,26
407,409,Moussa Sissoko,€20.00m,FRA,MF,Tottenham,Premier Leauge,29,51,48,4199,2,4,0,0,8,0,0,04,0,09,0,13,6,0,0,29,7,0,24,14,0,62,0,15,0,07,0,29,91,59,27,39,5,805,230,28,57,71,9,62,37,55,2132,2472,86,25,2922,80,122,65,57,86
408,410,Leonardo Bonucci,€20.00m,ITA,DF,Juventus,Serie A,32,57,55,4964,6,0,0,0,8,0,0,11,0,0,11,6,0,0,33,12,0,36,36,0,6,0,22,0,18,0,5,45,25,18,52,9,301,101,33,55,83,44,39,64,219,2939,3371,87,18,3812,7,9,77,78,8
409,411,Dusan Tadic,€20.00m,,,,,,,,,,,,,,,,,,,,,,,,,,,,,,,,,,,,,,,,,,,,,,,,
410,412,Ivan Rakitic,€20.00m,,,,,,,,,,,,,,,,,,,,,,,,,,,,,,,,,,,,,,,,,,,,,,,,
411,413,Gerard Piqué,€20.00m,ESP,DF,Barcelona,La Liga,32,66,66,5891,5,2,0,0,20,0,0,08,0,03,0,11,7,0,0,32,15,1,46,88,0,49,0,23,0,16,0,33,77,47,33,48,1,491,160,32,59,121,51,70,69,313,4405,4774,92,27,5399,24,29,82,76,24
412,414,Daley Blind,€20.00m,,,,,,,,,,,,,,,,,,,,,,,,,,,,,,,,,,,,,,,,,,,,,,,,
413,415,Krépin Diatta,€19.00m,,,,,,,,,,,,,,,,,,,,,,,,,,,,,,,,,,,,,,,,,,,,,,,,
414,416,Dodi Lukebakio,€19.00m,COD,MF,FW,Hertha BSC,Bundesliga,21,61,46,4003,17,9,4,6,8,0,0,38,0,2,0,58,26,0,0,89,45,2,50,56,2,1,01,0,19,0,38,58,37,13,27,6,593,140,23,61,48,6,42,18,32,924,1232,75,1862,112,169,66,27,122
415,417,Pau López,€19.00m,,,,,,,,,,,,,,,,,,,,,,,,,,,,,,,,,,,,,,,,,,,,,,,,
416,418,Moussa Marega,€19.00m,,,,,,,,,,,,,,,,,,,,,,,,,,,,,,,,,,,,,,,,,,,,,,,,
417,419,Domenico Berardi,€19.00m,ITA,FW,Sassuolo,Serie A,24,59,54,4766,18,9,2,3,9,2,0,34,0,17,0,51,27,1,2,211,62,12,29,38,3,98,1,17,0,09,0,29,74,41,28,17,5,1223,266,21,75,77,7,70,55,44,1607,2229,72,1,3057,97,167,58,08,102
418,420,Marten de Roon,€19.00m,NED,MF,DF,Atalanta,Serie A,28,60,55,4925,3,8,1,1,19,0,0,05,0,15,0,2,11,0,0,51,12,0,23,53,0,93,0,22,0,06,0,25,139,102,52,31,9,1263,373,29,53,93,17,76,83,111,3300,3777,87,37,4290,27,36,75,27
419,421,Dennis Praet,€19.00m,BEL,MF,Leicester City,Premier Leauge,25,56,45,3904,3,5,0,0,8,0,0,07,0,12,0,19,8,0,0,47,15,0,31,91,1,08,0,35,0,06,0,2,102,72,38,30,864,213,24,65,77,5,72,50,49,1956,2356,83,02,2836,67,115,58,26,71
420,422,Oscar,€19.00m,,,,,,,,,,,,,,,,,,,,,,,,,,,,,,,,,,,,,,,,,,,,,,,,
421,423,Francis Coquelin,€19.00m,FRA,MF,Valencia,La Liga,28,47,38,3350,0,1,0,0,12,1,0,0,03,0,03,1,0,0,20,4,0,20,0,54,0,11,0,0,75,56,24,30,8,553,160,28,93,44,13,31,86,62,1634,1858,87,94,2247,47,63,74,6,47
422,424,Amadou Diawara,€18.50m,GUI,MF,Roma,Serie A,22,27,19,1591,0,0,0,0,7,0,0,0,0,0,0,0,16,4,0,25,0,91,0,23,0,0,45,29,13,45,359,104,28,97,19,0,19,37,19,1088,1225,88,82,1349,12,14,85,71,13
423,425,Gabriel Barbosa,€18.50m,,,,,,,,,,,,,,,,,,,,,,,,,,,,,,,,,,,,,,,,,,,,,,,,
424,426,Julian Weigl,€18.50m,GER,MF,DF,Dortmund,Bundesliga,23,31,28,2474,2,0,0,0,7,0,0,07,0,0,07,2,0,0,12,4,0,33,33,0,44,0,15,0,17,0,5,53,30,28,45,8,335,104,31,04,38,8,30,27,85,1880,2024,92,89,2272,11,14,78,57,11
425,427,Matías Vecino,€18.50m,URU,MF,Inter,Serie A,27,48,37,3273,5,3,0,0,12,0,0,14,0,08,0,22,8,0,0,69,22,0,31,88,1,9,0,6,0,07,0,23,84,50,27,16,1,733,189,25,78,66,11,55,30,55,1363,1713,79,57,2126,21,35,60,23
426,428,Paulinho,€18.50m,BRA,MF,FW,Leverkusen,Bundesliga,19,28,1,484,3,2,0,0,1,0,0,56,0,37,0,93,5,0,0,14,4,0,28,57,2,6,0,74,0,21,0,75,11,8,2,50,98,25,25,51,11,2,9,3,2,193,235,82,13,311,24,37,64,86,24
427,429,João Pedro,€18.00m,BRA,MF,FW,Cagliari,Serie A,27,62,58,5069,24,6,6,8,10,1,0,43,0,11,0,54,30,4,6,126,42,1,33,33,2,24,0,75,0,19,0,57,37,28,7,19,739,168,22,73,68,16,52,15,39,1133,1519,74,59,2211,54,112,48,21,57
428,430,Rayan Cherki,€18.00m,FRA,MF,FW,Lyon,Ligue1,15,6,1,143,0,0,0,0,0,0,0,0,0,0,0,0,3,2,0,66,67,1,89,1,26,0,0,2,2,2,50,29,10,34,48,2,0,2,0,0,44,66,66,67,87,6,9,66,67,6
429,431,Antony,€18.00m,,,,,,,,,,,,,,,,,,,,,,,,,,,,,,,,,,,,,,,,,,,,,,,,
430,432,Dwight McNeil,€18.00m,ENG,MF,Burnley,Premier Leauge,19,53,51,4389,5,11,0,0,7,0,0,1,0,23,0,33,16,0,0,69,19,9,27,54,1,41,0,39,0,07,0,26,74,36,27,28,6,1154,260,22,53,96,7,89,38,57,1107,1645,67,29,2226,107,185,57,84,114
431,433,Thiago Almada,€18.00m,,,,,,,,,,,,,,,,,,,,,,,,,,,,,,,,,,,,,,,,,,,,,,,,
432,434,Emerson,€18.00m,BRA,DF,Betis,La Liga,20,34,32,2775,3,5,0,0,11,0,0,1,0,16,0,26,8,0,0,26,5,0,19,23,0,84,0,16,0,12,0,6,85,51,26,34,8,503,128,25,45,63,9,54,36,78,1285,1605,80,06,2027,19,42,45,24,21
433,435,Benoît Badiashile,€18.00m,,,,,,,,,,,,,,,,,,,,,,,,,,,,,,,,,,,,,,,,,,,,,,,,
434,436,Douglas Luiz,€18.00m,BRA,MF,Aston Villa,Premier Leauge,21,53,38,3569,3,2,0,0,13,0,0,08,0,05,0,13,5,0,0,50,11,2,22,1,26,0,28,0,06,0,27,73,54,26,25,826,213,25,79,81,23,58,47,64,1472,1799,81,82,2220,42,56,75,46
435,437,Myron Boadu,€18.00m,,,,,,,,,,,,,,,,,,,,,,,,,,,,,,,,,,,,,,,,,,,,,,,,
436,438,Calvin Stengs,€18.00m,,,,,,,,,,,,,,,,,,,,,,,,,,,,,,,,,,,,,,,,,,,,,,,,
437,439,Exequiel Palacios,€18.00m,,,,,,,,,,,,,,,,,,,,,,,,,,,,,,,,,,,,,,,,,,,,,,,,
438,440,Sergiño Dest,€18.00m,,,,,,,,,,,,,,,,,,,,,,,,,,,,,,,,,,,,,,,,,,,,,,,,
439,441,Florentino,€18.00m,,,,,,,,,,,,,,,,,,,,,,,,,,,,,,,,,,,,,,,,,,,,,,,,
440,442,Diogo Dalot,€18.00m,,,,,,,,,,,,,,,,,,,,,,,,,,,,,,,,,,,,,,,,,,,,,,,,
441,443,Marc Cucurella,€18.00m,ESP,MF,DF,Getafe,La Liga,21,62,57,5079,2,7,0,0,13,0,0,04,0,12,0,16,9,0,0,48,8,2,16,67,0,85,0,14,0,04,0,25,126,101,34,36,2,1488,482,32,39,109,10,99,46,69,1570,2207,71,14,2821,35,74,47,3,41
442,444,Carles Aleñá,€18.00m,ESP,MF,Barcelona,La Liga,21,21,8,809,2,0,0,0,2,0,0,22,0,0,22,2,0,0,15,4,0,26,67,1,67,0,44,0,13,0,5,8,4,2,20,219,48,21,92,7,0,7,2,5,683,743,91,92,835,13,20,65,13
443,445,Carles Aleñá,€18.00m,ESP,MF,FW,Betis,La Liga,21,,,,,,,,,,,,,,0,0,,,0,,,,,,,,,38,9,,,,,,,,,,,,,,,,
444,446,Matheus Henrique,€17.50m,,,,,,,,,,,,,,,,,,,,,,,,,,,,,,,,,,,,,,,,,,,,,,,,
445,447,Gabriel Magalhães,€17.50m,,,,,,,,,,,,,,,,,,,,,,,,,,,,,,,,,,,,,,,,,,,,,,,,
446,448,Jean-Philippe Mateta,€17.50m,FRA,FW,Mainz 05,Bundesliga,22,52,41,3536,17,3,1,1,4,1,0,43,0,08,0,51,20,1,1,130,45,0,34,62,3,31,1,15,0,13,0,38,20,14,1,0,601,135,22,46,29,8,21,7,36,460,678,67,85,1204,56,95,58,95,60
447,449,Harvey Barnes,€17.50m,ENG,MF,Leicester City,Premier Leauge,21,46,33,2844,7,8,0,0,0,0,0,22,0,25,0,47,15,0,0,92,32,0,34,78,2,91,1,01,0,08,0,22,29,15,8,24,462,116,25,11,31,6,25,8,10,735,975,75,38,1372,54,106,50,94,61
448,450,Ismaël Bennacer,€17.50m,,,,,,,,,,,,,,,,,,,,,,,,,,,,,,,,,,,,,,,,,,,,,,,,
449,451,Sean Longstaff,€17.50m,ENG,MF,Newcastle Utd,Premier Leauge,21,31,22,2023,2,1,0,0,4,1,0,09,0,04,0,13,3,0,0,33,8,3,24,24,1,47,0,36,0,06,0,25,63,40,26,31,9,727,182,25,03,49,7,42,29,41,739,938,78,78,1208,14,20,70,15
450,452,Mouctar Diakhaby,€17.50m,,,,,,,,,,,,,,,,,,,,,,,,,,,,,,,,,,,,,,,,,,,,,,,,
451,453,Christian Kouamé,€17.50m,CIV,FW,Genoa,Serie A,21,49,43,3981,9,7,0,0,5,0,0,2,0,16,0,36,16,0,0,108,34,0,31,48,2,44,0,77,0,08,0,26,44,28,10,0,723,166,22,96,49,7,42,27,35,823,1199,68,64,1854,72,133,54,14,77
452,454,Nikola Vlasic,€17.50m,,,,,,,,,,,,,,,,,,,,,,,,,,,,,,,,,,,,,,,,,,,,,,,,
453,455,Eric Bailly,€17.50m,,,,,,,,,,,,,,,,,,,,,,,,,,,,,,,,,,,,,,,,,,,,,,,,
454,456,Harry Wilson,€17.50m,WAL,MF,FW,Bournemouth,Premier Leauge,22,26,20,1534,7,0,0,0,1,0,0,41,0,0,41,7,0,0,47,16,12,34,04,2,76,0,94,0,15,0,44,22,10,12,36,4,385,89,23,12,34,2,32,9,18,435,576,75,52,798,17,34,50,19
455,457,Neal Maupay,€17.50m,FRA,FW,Brighton,Premier Leauge,22,31,25,2303,9,2,1,2,3,0,0,35,0,08,0,43,11,1,2,81,32,0,39,51,3,17,1,25,0,11,0,28,24,15,6,18,2,635,163,25,67,27,2,25,4,5,476,604,78,81,941,31,60,51,67,33
456,458,Ben Davies,€17.50m,,,,,,,,,,,,,,,,,,,,,,,,,,,,,,,,,,,,,,,,,,,,,,,,
457,459,Fred,€17.50m,BRA,MF,Manchester Utd,Premier Leauge,26,43,36,3132,1,1,0,0,9,0,0,03,0,03,0,06,2,0,0,55,11,3,20,1,58,0,32,0,02,0,09,114,75,35,28,4,1037,284,27,39,96,10,86,54,31,2081,2441,85,25,2910,50,71,70,42,55
458,460,Luke Shaw,€17.50m,ENG,DF,Manchester Utd,Premier Leauge,24,50,46,4070,1,4,0,0,18,0,0,02,0,09,0,11,5,0,0,28,10,0,35,71,0,62,0,22,0,04,0,1,77,49,27,45,5,706,205,29,04,105,18,87,42,140,2670,3160,84,49,3613,47,66,71,21,50
459,461,Mike Maignan,€17.50m,,,,,,,,,,,,,,,,,,,,,,,,,,,,,,,,,,,,,,,,,,,,,,,,
460,462,Quincy Promes,€17.50m,,,,,,,,,,,,,,,,,,,,,,,,,,,,,,,,,,,,,,,,,,,,,,,,
461,463,Michy Batshuayi,€17.50m,BEL,FW,Chelsea,Premier Leauge,25,27,10,989,6,1,0,0,0,0,0,55,0,09,0,64,7,0,0,41,12,0,29,27,3,73,1,09,0,15,0,5,4,2,1,0,242,49,20,25,13,7,6,3,2,172,238,72,27,372,17,27,62,96,20
462,464,Michy Batshuayi,€17.50m,BEL,FW,Chelsea,Premier Leauge,,,,,,,,,,,,,,,,,,,,,,,,,,,,,,,,,,,,,,,,,,,,
463,465,Gabriel Paulista,€17.50m,BRA,DF,Valencia,La Liga,28,58,57,5067,1,1,0,0,11,0,0,02,0,02,0,04,2,0,0,16,4,0,25,0,28,0,07,0,06,0,25,45,26,19,39,1,235,88,37,45,99,50,49,121,389,2513,2829,88,83,3458,8,12,66,67,8
464,466,Ryan Fraser,€17.50m,SCO,MF,FW,Bournemouth,Premier Leauge,25,66,56,5233,8,18,0,0,4,0,0,14,0,31,0,45,26,0,0,77,36,2,46,75,1,32,0,62,0,1,0,22,23,14,10,23,5,788,150,19,04,69,9,60,39,40,1667,2455,67,9,2942,32,67,47,76,37
465,467,Jesse Lingard,€17.50m,ENG,MF,FW,Manchester Utd,Premier Leauge,26,47,28,2555,4,2,1,1,6,0,0,14,0,07,0,21,6,0,0,51,17,0,33,33,1,8,0,6,0,08,0,24,32,18,7,21,4,858,219,25,52,31,4,27,12,7,1002,1179,84,99,1477,28,57,49,12,33
466,468,Danny Ings,€17.50m,ENG,FW,Southampton,Premier Leauge,27,56,49,3916,25,5,3,3,4,0,0,57,0,11,0,68,30,0,0,128,50,0,39,06,2,94,1,15,0,2,0,5,67,44,18,21,7,1178,321,27,25,77,7,70,14,23,625,964,64,83,1558,75,119,63,03,81
467,469,Suso,€17.50m,ESP,MF,FW,Sevilla,La Liga,25,47,41,3599,8,11,0,0,9,1,0,2,0,28,0,48,19,0,0,100,43,2,43,2,5,1,08,0,08,0,19,41,26,17,38,5,564,160,28,37,28,1,27,19,4,1554,2077,74,82,2494,105,149,70,47,110
468,470,Suso,€17.50m,ESP,MF,FW,Milan,Serie A,25,,,,,,,,,,,,,,0,0,,,2,,,,,,,,,20,,,,,,,,,,,,,,,,
469,471,Marc Bartra,€17.50m,ESP,DF,MF,Betis,La Liga,28,61,60,5272,4,1,0,0,11,0,0,07,0,02,0,09,5,0,0,29,8,0,27,59,0,5,0,14,0,14,0,5,146,91,40,43,2,713,232,32,54,118,49,69,94,329,3291,3753,87,69,4490,26,42,61,9,30
470,472,Thomas Delaney,€17.50m,,,,,,,,,,,,,,,,,,,,,,,,,,,,,,,,,,,,,,,,,,,,,,,,
471,473,Josip Ilicic,€17.50m,,,,,,,,,,,,,,,,,,,,,,,,,,,,,,,,,,,,,,,,,,,,,,,,
472,474,Anthony Lopes,€17.50m,,,,,,,,,,,,,,,,,,,,,,,,,,,,,,,,,,,,,,,,,,,,,,,,
473,475,Kevin Kampl,€17.50m,SVN,MF,RB Leipzig,Bundesliga,28,38,33,2788,4,7,0,0,6,0,0,13,0,23,0,36,11,0,0,40,17,0,42,5,1,29,0,55,0,1,0,24,56,39,16,40,9,561,177,31,55,55,4,51,51,19,1695,2017,84,04,2310,43,53,81,13,44
474,476,Ivan Perisic,€17.50m,,,,,,,,,,,,,,,,,,,,,,,,,,,,,,,,,,,,,,,,,,,,,,,,
475,477,Mesut Özil,€17.50m,GER,MF,Arsenal,Premier Leauge,30,42,38,3173,6,4,0,0,3,0,0,17,0,11,0,28,10,0,0,20,9,0,45,0,57,0,26,0,3,0,67,22,15,6,10,5,613,140,22,84,18,2,16,10,5,1782,2070,86,09,2352,39,62,62,9,42
476,478,Robin Koch,€17.00m,GER,DF,MF,Freiburg,Bundesliga,23,56,52,4606,2,0,0,0,6,0,0,04,0,0,04,2,0,0,41,11,0,26,83,0,8,0,21,0,05,0,18,64,35,15,32,468,123,26,28,72,36,36,78,229,1992,2378,83,77,2887,9,15,60,11
477,479,Xaver Schlager,€17.00m,AUT,MF,Wolfsburg,Bundesliga,21,23,21,1719,1,2,0,0,4,0,0,05,0,1,0,15,3,0,0,32,8,0,25,1,68,0,42,0,03,0,12,56,44,20,37,7,460,154,33,48,32,3,29,18,20,530,678,78,17,928,24,28,85,71,25
478,480,Maximilian Arnold,€17.00m,GER,MF,Wolfsburg,Bundesliga,25,66,65,5693,6,14,0,0,15,0,0,09,0,22,0,31,20,0,0,116,39,9,33,62,1,83,0,62,0,05,0,15,110,68,49,26,8,1102,308,27,95,83,20,63,67,92,2257,3010,74,98,3635,44,59,74,58,45
479,481,Carlos Vinícius,€16.00m,,,,,,,,,,,,,,,,,,,,,,,,,,,,,,,,,,,,,,,,,,,,,,,,
480,482,Colin Dagba,€16.00m,,,,,,,,,,,,,,,,,,,,,,,,,,,,,,,,,,,,,,,,,,,,,,,,
481,483,Luiz Felipe,€16.00m,BRA,DF,Lazio,Serie A,22,36,33,2754,2,2,0,0,9,0,0,07,0,07,0,14,4,0,0,14,3,0,21,43,0,46,0,1,0,14,0,67,58,30,25,62,1,326,86,26,38,81,41,40,57,111,1294,1496,86,5,1829,9,17,52,94,11
482,484,Trincão,€16.00m,,,,,,,,,,,,,,,,,,,,,,,,,,,,,,,,,,,,,,,,,,,,,,,,
483,485,Raphinha,€16.00m,,,,,,,,,,,,,,,,,,,,,,,,,,,,,,,,,,,,,,,,,,,,,,,,
484,486,Pau Torres,€16.00m,ESP,DF,Villarreal,La Liga,22,29,28,2521,2,1,0,0,5,0,0,07,0,04,0,11,3,0,0,8,2,0,25,0,29,0,07,0,25,1,33,21,18,66,7,221,72,32,58,53,24,29,28,164,1465,1713,85,52,1991,8,10,80,9
485,487,Pablo Fornals,€16.00m,ESP,MF,FW,West Ham,Premier Leauge,23,65,46,4183,4,8,0,0,7,0,0,09,0,17,0,26,12,0,0,91,28,0,30,77,1,96,0,6,0,04,0,14,81,53,30,23,3,1327,292,22,92,5,87,43,28,1468,1901,77,22,2488,67,124,54,03,74
486,488,Dusan Vlahovic,€16.00m,,,,,,,,,,,,,,,,,,,,,,,,,,,,,,,,,,,,,,,,,,,,,,,,
487,489,Loren Morón,€16.00m,ESP,FW,Betis,La Liga,25,64,40,3703,15,2,0,0,6,1,0,36,0,05,0,41,17,0,0,100,41,0,41,2,43,1,0,15,0,37,33,25,9,18,8,760,183,24,08,58,12,46,15,31,458,631,72,58,1197,40,86,46,51,44
488,490,Lucas Tousart,€16.00m,FRA,MF,Lyon,Ligue1,22,54,39,3490,2,2,0,0,8,2,0,05,0,05,0,1,4,0,0,49,15,0,30,61,1,26,0,39,0,04,0,13,127,83,31,26,8,1029,327,31,78,75,18,57,50,71,1672,1940,86,19,2359,27,38,71,05,29
489,491,Malang Sarr,€16.00m,FRA,DF,Nice,Ligue1,20,54,50,4448,2,1,0,0,3,0,0,04,0,02,0,06,3,0,0,14,2,0,14,29,0,28,0,04,0,14,1,72,31,22,21,4,479,152,31,73,84,18,66,105,161,2975,3329,89,37,3773,16,25,64,18
490,492,Joe Willock,€16.00m,ENG,MF,Arsenal,Premier Leauge,19,25,8,778,1,0,0,0,1,0,0,12,0,0,12,1,0,0,13,4,0,30,77,1,5,0,46,0,08,0,25,20,13,3,17,6,236,62,26,27,17,4,13,4,11,286,344,83,14,487,20,29,68,97,21
491,493,Unai Núñez,€16.00m,ESP,DF,Athletic Club,La Liga,22,27,23,2206,0,0,0,0,10,0,0,0,0,0,0,0,18,5,0,27,78,0,73,0,2,0,0,31,23,11,21,4,160,59,36,88,52,28,24,50,178,847,980,86,43,1277,8,9,88,89,9
492,494,Marc Roca,€16.00m,ESP,MF,Espanyol,La Liga,22,64,64,5629,3,3,2,2,16,0,0,05,0,05,0,1,6,2,2,47,12,1,25,53,0,75,0,19,0,06,0,25,157,110,54,35,1204,337,27,99,95,35,60,65,139,2867,3411,84,05,3980,48,64,75,48
493,495,Valentin Rongier,€16.00m,FRA,MF,Marseille,Ligue1,24,59,56,5016,4,7,1,3,6,0,0,07,0,13,0,2,11,0,1,108,23,0,21,3,1,94,0,41,0,04,0,17,154,101,34,31,1670,453,27,13,106,10,96,65,39,2693,3237,83,19,3868,64,87,73,56,69
494,496,Valentin Rongier,€16.00m,FRA,MF,Nantes,Ligue1,24,39,39,3496,4,6,1,2,3,0,0,1,0,15,0,25,10,0,0,76,16,0,21,05,1,96,0,41,0,05,0,25,82,53,14,50,1137,314,27,62,67,5,62,31,23,1750,2152,81,32,2568,45,60,75,49
495,497,Jarrod Bowen,€16.00m,ENG,MF,FW,West Ham,Premier Leauge,22,7,5,441,1,2,0,0,0,0,0,2,0,41,0,61,3,0,0,10,5,0,50,2,04,1,02,0,1,0,2,16,11,4,33,3,130,33,25,38,11,0,11,12,4,101,142,71,13,236,11,23,47,83,11
496,498,Tom Davies,€16.00m,ENG,MF,Everton,Premier Leauge,21,40,27,2520,1,0,0,0,10,0,0,04,0,0,04,1,0,0,22,7,0,31,82,0,79,0,25,0,05,0,14,54,26,11,11,8,572,132,23,08,41,5,36,43,25,918,1169,78,53,1484,26,41,63,41,30
497,499,Fikayo Tomori,€16.00m,ENG,DF,Chelsea,Premier Leauge,21,15,15,1291,1,0,0,0,3,0,0,07,0,0,07,1,0,0,7,3,0,42,86,0,49,0,21,0,14,0,33,30,15,7,53,8,149,48,32,21,29,9,20,20,93,981,1098,89,34,1277,7,11,63,64,9
498,500,Jonathan Bamba,€16.00m,FRA,MF,FW,Lille,Ligue1,23,64,57,4941,14,7,2,4,5,0,0,26,0,13,0,39,21,1,3,110,50,0,45,45,2,0,91,0,13,0,28,44,30,17,25,9,919,228,24,81,81,7,74,53,17,1631,2055,79,37,2755,93,168,55,36,98
499,501,Kasper Dolberg,€16.00m,DEN,FW,Nice,Ligue1,21,23,22,1888,11,3,0,0,2,0,0,52,0,14,0,66,14,0,0,42,25,0,59,52,2,1,19,0,26,0,44,16,8,9,36,379,87,22,96,18,4,14,9,28,232,301,77,08,552,18,38,47,37,18
500,502,Marcos Llorente,€16.00m,ESP,MF,FW,Atlético Madrid,La Liga,24,31,18,1597,2,2,0,0,5,0,0,11,0,11,0,22,4,0,0,12,6,0,50,0,68,0,34,0,17,0,33,45,30,12,33,3,376,111,29,52,35,5,30,20,26,689,799,86,23,993,25,35,71,43,26
501,503,Álvaro Odriozola,€16.00m,,,,,,,,,,,,,,,,,,,,,,,,,,,,,,,,,,,,,,,,,,,,,,,,
502,504,Miguel Almirón,€16.00m,PAR,MF,FW,Newcastle Utd,Premier Leauge,25,41,39,3356,3,2,0,0,5,0,0,08,0,05,0,13,5,0,0,64,22,0,34,38,1,72,0,59,0,05,0,14,64,37,10,20,895,216,24,13,58,3,55,37,18,777,1042,74,57,1544,50,104,48,08,61
503,505,Viktor Tsygankov,€16.00m,,,,,,,,,,,,,,,,,,,,,,,,,,,,,,,,,,,,,,,,,,,,,,,,
504,506,Unai Simón,€16.00m,,,,,,,,,,,,,,,,,,,,,,,,,,,,,,,,,,,,,,,,,,,,,,,,
505,507,Timothy Castagne,€16.00m,BEL,DF,Atalanta,Serie A,23,45,33,3144,5,4,0,0,6,0,0,14,0,11,0,25,9,0,0,34,11,0,32,35,0,97,0,31,0,15,0,45,85,55,45,52,618,188,30,42,80,11,69,38,66,1742,2084,83,59,2511,36,68,52,94,40
506,508,Joachim Andersen,€16.00m,DEN,DF,Lyon,Ligue1,23,50,49,4411,1,1,0,0,10,0,0,02,0,02,0,04,2,0,0,23,6,0,26,09,0,47,0,12,0,04,0,17,50,30,20,31,6,262,81,30,92,60,32,28,45,241,3008,3356,89,63,3783,16,17,94,12,16
507,509,Talisca,€16.00m,,,,,,,,,,,,,,,,,,,,,,,,,,,,,,,,,,,,,,,,,,,,,,,,
508,510,Renato Sanches,€16.00m,POR,MF,FW,Lille,Ligue1,21,36,20,2060,4,2,0,0,5,1,0,17,0,09,0,26,6,0,0,49,15,4,30,61,2,14,0,66,0,08,0,27,41,31,16,27,1,515,154,29,9,33,2,31,21,17,1133,1366,82,94,1671,66,97,68,04,70
509,511,Wilmar Barrios,€16.00m,,,,,,,,,,,,,,,,,,,,,,,,,,,,,,,,,,,,,,,,,,,,,,,,
510,512,Zeki Celik,€16.00m,,,,,,,,,,,,,,,,,,,,,,,,,,,,,,,,,,,,,,,,,,,,,,,,
511,513,Lewis Cook,€16.00m,ENG,MF,Bournemouth,Premier Leauge,22,36,21,1957,0,0,0,0,6,0,0,0,0,0,0,0,11,1,0,9,09,0,51,0,05,0,0,40,24,15,20,481,95,19,75,28,8,20,28,23,866,1094,79,16,1307,42,55,76,36,43
512,514,Keita Baldé,€16.00m,SEN,MF,FW,Monaco,Ligue1,24,45,17,1747,9,3,0,0,6,1,0,46,0,15,0,61,12,0,0,58,30,0,51,72,2,99,1,55,0,16,0,3,21,15,4,12,5,339,86,25,37,19,1,18,4,12,466,639,72,93,891,26,41,63,41,26
513,515,Breel Embolo,€16.00m,SUI,MF,FW,M'gladbach,Bundesliga,22,48,32,2895,13,6,0,1,8,0,0,4,0,19,0,59,19,0,1,71,31,0,43,66,2,21,0,96,0,18,0,42,43,31,8,35,3,650,160,24,62,25,2,23,14,9,482,670,71,94,1205,57,133,42,86,68
514,516,Nadiem Amiri,€16.00m,GER,MF,FW,Leverkusen,Bundesliga,22,43,32,2611,4,3,0,0,4,0,0,14,0,1,0,24,7,0,0,62,24,0,38,71,2,14,0,83,0,06,0,17,38,25,9,15,4,445,144,32,36,37,2,35,23,13,1233,1531,80,54,1862,50,80,62,5,54
515,517,Lucas Vázquez,€16.00m,ESP,MF,FW,Real Madrid,La Liga,28,45,21,2154,3,4,0,0,7,1,0,13,0,17,0,3,7,0,0,32,13,0,40,62,1,34,0,54,0,09,0,23,56,35,18,33,3,602,170,28,24,36,1,35,21,11,1084,1361,79,65,1733,52,83,62,65,56
516,518,Jeremie Boga,€16.00m,CIV,FW,Sassuolo,Serie A,22,53,38,3572,13,3,0,0,0,0,0,33,0,08,0,41,16,0,0,76,27,1,35,53,1,91,0,68,0,17,0,48,30,24,11,38,9,661,207,31,32,42,1,41,6,5,1103,1299,84,91,1825,203,310,65,48,216

